序号,刊物简称,刊物全称,出版社,网址,学科,文章类别,CCF级别
1,TOCS,ACM Transactions on Computer Systems,ACM,http://dblp.uni-trier.de/db/journals/tocs/,计算机体系结构/并行与分布计算/存储系统,期刊,A
2,TOC,IEEE Transactions on Computers,IEEE,http://dblp.uni-trier.de/db/journals/tc/index.html,计算机体系结构/并行与分布计算/存储系统,期刊,A
3,TPDS,IEEE Transactions on Parallel and Distributed Systems,IEEE,http://dblp.uni-trier.de/db/journals/tpds/,计算机体系结构/并行与分布计算/存储系统,期刊,A
4,TCAD,IEEE Transactions On Computer-Aided Design Of Integrated Circuits And System,IEEE,http://dblp.uni-trier.de/db/journals/tcad/,计算机体系结构/并行与分布计算/存储系统,期刊,A
5,TOS,ACM Transactions on Storage,ACM,http://dblp.uni-trier.de/db/journals/tos/,计算机体系结构/并行与分布计算/存储系统,期刊,C
6,,Concurrency and Computation:Practice and Experience,Wiley,http://dblp.uni-trier.de/db/journals/concurrency/,计算机体系结构/并行与分布计算/存储系统,期刊,C
7,DC,Distributed Computing,Springer,http://dblp.uni-trier.de/db/journals/dc/,计算机体系结构/并行与分布计算/存储系统,期刊,C
8,FGCS,Future Generation Computer Systems,Elsevier,http://dblp.uni-trier.de/db/journals/fgcs/,计算机体系结构/并行与分布计算/存储系统,期刊,C
9,,"Integration, the VLSI Journal",Elsevier,http://dblp.uni-trier.de/db/journals/integration/,计算机体系结构/并行与分布计算/存储系统,期刊,C
10,,Microprocessors and Microsystems:Embedded Hardware Design,Elsevier,http://dblp.uni-trier.de/db/journals/mam/,计算机体系结构/并行与分布计算/存储系统,期刊,C
11,JGC,The Journal of Grid computing,Springer,http://dblp.uni-trier.de/db/journal/10723,计算机体系结构/并行与分布计算/存储系统,期刊,C
12,TYSC,The Journal of Supercomputing,Springer,http://dblp.uni-trier.de/db/journals/tjs/,计算机体系结构/并行与分布计算/存储系统,期刊,C
13,JETC,The ACM Journal on Emerging Technologies in Computing Systems,ACM,http://dblp.uni-trier.de/db/journals/jetc/,计算机体系结构/并行与分布计算/存储系统,期刊,C
14,JETC,Journal of Electronic Testing-Theory and Applications,Springer,http://dblp.uni-trier.de/db/journal/10836,计算机体系结构/并行与分布计算/存储系统,期刊,C
15,RTS,Real-Time Systems,Springer,http://dblp.uni-trier.de/db/journals/rts/,计算机体系结构/并行与分布计算/存储系统,期刊,C
16,TACO,ACM Transactions on Architecture and Code Optimization,ACM,http://dblp.uni-trier.de/db/journals/taco/,计算机体系结构/并行与分布计算/存储系统,期刊,B
17,TAAS,ACM Transactions on Autonomous and Adaptive Systems,ACM,http://dblp.uni-trier.de/db/journals/taas/,计算机体系结构/并行与分布计算/存储系统,期刊,B
18,TODAES,ACM Transactions on Design Automation of Electronic Systems,ACM,http://dblp.uni-trier.de/db/journals/todaes/,计算机体系结构/并行与分布计算/存储系统,期刊,B
19,TECS,ACM Transactions on Embedded Computing Systems,ACM,http://dblp.uni-trier.de/db/journals/tecs/,计算机体系结构/并行与分布计算/存储系统,期刊,B
20,TRETS,ACM Transactions on Reconfigurable Technology and Systems,ACM,http://dblp.uni-trier.de/db/journals/trets/,计算机体系结构/并行与分布计算/存储系统,期刊,B
21,TVLSI,IEEE Transactions on VLSI Systems,IEEE,http://dblp.uni-trier.de/db/journals/tvlsi/,计算机体系结构/并行与分布计算/存储系统,期刊,B
22,JPDC,Journal of Parallel and Distributed Computing,Elsevier,http://dblp.uni-trier.de/db/journals/jpdc/,计算机体系结构/并行与分布计算/存储系统,期刊,B
23,PARCO,Parallel Computing,Elsevier,http://dblp.uni-trier.de/db/conf/parco/,计算机体系结构/并行与分布计算/存储系统,期刊,B
24,,Performance Evaluation:An International Journal,Elsevier,http://www.journals.elsevier.com/performance-evaluation/,计算机体系结构/并行与分布计算/存储系统,期刊,B
25,JSA,Journal of Systems Architecture,Elsevier,http://dblp.uni-trier.de/db/journals/jsa/,计算机体系结构/并行与分布计算/存储系统,期刊,B
26,ASPLOS,Archhitectural Support for Programming Languages and Operating Systems,ACM,http://dblp.uni-trier.de/db/conf/asplos/,计算机体系结构/并行与分布计算/存储系统,会议,A
27,FAST,Conference on File and Storage Technologies,USENIX,http://dblp.uni-trier.de/db/conf/fast/,计算机体系结构/并行与分布计算/存储系统,会议,A
28,HPCA,High-Performance Computer Architecture,IEEE,http://dblp.uni-trier.de/db/conf/cnhpca/,计算机体系结构/并行与分布计算/存储系统,会议,A
29,ISCA,International Symposium on Computer Architecture,ACM/IEEE,http://dblp.uni-trier.de/db/conf/isca/,计算机体系结构/并行与分布计算/存储系统,会议,A
30,MICRO,MICRO,IEEE/ACM,http://dblp.uni-trier.de/db/journals/micro/,计算机体系结构/并行与分布计算/存储系统,会议,A
31,SC,"International Conference for High Performance Computing, Networking, Storage, and Analysis",IEEE,http://dblp.uni-trier.de/db/conf/sc/,计算机体系结构/并行与分布计算/存储系统,会议,A
32,USENIX ATX,USENIX Annul Technical Conference,USENIX,http://dblp.uni-trier.de/db/conf/usenix/index.html,计算机体系结构/并行与分布计算/存储系统,会议,A
33,PPoPP,Principles and Practice of Parallel Programming,ACM,http://dblp.uni-trier.de/db/conf/ppopp/,计算机体系结构/并行与分布计算/存储系统,会议,A
34,HOT CHIPS,ACM Symposium on High Performance Chips  ,IEEE,http://www.hotchips.org/ ,计算机体系结构/并行与分布计算/存储系统,会议,B
35,SPAA,ACM Symposium on Parallelism in Algorithms and Architectures,ACM,http://dblp.uni-trier.de/db/conf/spaa/,计算机体系结构/并行与分布计算/存储系统,会议,B
36,PODC,ACM Symposium on Principles of Distributed Computing,AMC,http://dblp.uni-trier.de/db/conf/podc/,计算机体系结构/并行与分布计算/存储系统,会议,B
37,CGO,Code Generation and Optimization,IEEE/ACM,http://dblp.uni-trier.de/db/conf/cgo/,计算机体系结构/并行与分布计算/存储系统,会议,B
38,DAC,Design Automation Conference,ACM,http://dblp.uni-trier.de/db/conf/eurodac/,计算机体系结构/并行与分布计算/存储系统,会议,B
39,DATE,"Design, Automation & Test in Europe Conference",IEEE/ACM,http://dblp.uni-trier.de/db/conf/date/,计算机体系结构/并行与分布计算/存储系统,会议,B
40,EuroSys,EuroSys,ACM,http://dblp.uni-trier.de/db/conf/eurosys/,计算机体系结构/并行与分布计算/存储系统,会议,B
41,HPDC,High-Performance Distributed Computing,IEEE,http://dblp.uni-trier.de/db/conf/hpdc/,计算机体系结构/并行与分布计算/存储系统,会议,B
42,ICCD,International Conference on Computer Design,IEEE,http://dblp.uni-trier.de/db/conf/iccd/,计算机体系结构/并行与分布计算/存储系统,会议,B
43,ICCAD,International Conference on Computer-Aided Design,IEEE/ACM,http://dblp.uni-trier.de/db/conf/iccad/,计算机体系结构/并行与分布计算/存储系统,会议,B
44,ICDCS,International Conference on Distributed Computing Systems,IEEE,http://dblp.uni-trier.de/db/conf/icdcs/,计算机体系结构/并行与分布计算/存储系统,会议,B
45,HiPEAC,International Conference on High Performance and Embedded Architectures and Compilers,ACM,http://dblp.uni-trier.de/db/conf/hipeac/,计算机体系结构/并行与分布计算/存储系统,会议,B
46,SIGMETRICS,International Conference on Measurement and Modeling of Computer Systems,ACM,http://dblp.uni-trier.de/db/conf/sigmetrics/,计算机体系结构/并行与分布计算/存储系统,会议,B
47,ICPP,International Conference on Parallel Processing,IEEE,http://dblp.uni-trier.de/db/conf/icpp/,计算机体系结构/并行与分布计算/存储系统,会议,B
48,ICS,International Conference on Supercomputing,ACM,http://dblp.uni-trier.de/db/conf/ics/,计算机体系结构/并行与分布计算/存储系统,会议,B
49,IPDPS,International Parallel & Distributed Processing Symposium,IEEE,http://dblp.uni-trier.de/db/conf/ipps/,计算机体系结构/并行与分布计算/存储系统,会议,B
50,FPGA,ACM/SIGDA International Symposium on Field-Programmable Gate Arrays,ACM,http://dblp.uni-trier.de/db/conf/fpga/,计算机体系结构/并行与分布计算/存储系统,会议,B
51,,"International Symposium on Computer Performance, Modeling, Measurements and Evaluation",ACM,http://dblp.uni-trier.de/db/conf/performance/,计算机体系结构/并行与分布计算/存储系统,会议,B
52,LISA,Large Installation system Administration Conference,USENIX,http://dblp.uni-trier.de/db/conf/lisa/,计算机体系结构/并行与分布计算/存储系统,会议,B
53,MSST,Mass Storage Systems and Technologies,IEEE,http://dblp.uni-trier.de/db/conf/mss/,计算机体系结构/并行与分布计算/存储系统,会议,B
54,PACT,Parallel Architectures and Compilation Techniques,IEEE/ACM,http://dblp.uni-trier.de/db/conf/IEEEpact/,计算机体系结构/并行与分布计算/存储系统,会议,B
55,TRAS,Real-Time and Embedded Technology and Applications Sysposium,IEEE,http://dblp.uni-trier.de/db/conf/rtas/,计算机体系结构/并行与分布计算/存储系统,会议,B
56,VEE,Virtual Execution Enviroments,ACM,http://dblp.uni-trier.de/db/conf/vee/,计算机体系结构/并行与分布计算/存储系统,会议,B
57,CODES+ISSS,ACM/IEEE Conf Hardware/Software Co-design and System Synthesis,ACM/IEEE,http://dblp.uni-trier.de/db/conf/codes/index.html,计算机体系结构/并行与分布计算/存储系统,会议,B
58,ITC,International Test Conference,IEEE,http://dblp.uni-trier.de/db/conf/itc/,计算机体系结构/并行与分布计算/存储系统,会议,B
59,SOCC,Acm Symposium on Cloud Computing,ACM,http://dblp.uni-trier.de/db/conf/cloud/,计算机体系结构/并行与分布计算/存储系统,会议,B
60,CF,ACM International Conference on Computing Frontiers,ACM,http://dblp.uni-trier.de/db/conf/cf,计算机体系结构/并行与分布计算/存储系统,会议,C
61,NOCS,ACM/IEEE International Symposium on Networks-on-Chip,ACM/IEEE,http://dblp.uni-trier.de/db/conf/nocs,计算机体系结构/并行与分布计算/存储系统,会议,C
62,ASP-DAC,Asia and South Pacific Design Automation Conference,AMCM/IEEE,http://dblp.uni-trier.de/db/conf/aspdac,计算机体系结构/并行与分布计算/存储系统,会议,C
63,ASAP,"Application-Specific Systems, Architectures, and Processors",IEEE,http://dblp.uni-trier.de/db/conf/asap,计算机体系结构/并行与分布计算/存储系统,会议,C
64,CLUSTER,Cluster Computing,IEEE,http://dblp.uni-trier.de/db/conf/cluster/,计算机体系结构/并行与分布计算/存储系统,会议,C
65,CCGRID,Cluster Computing and the Grid,IEEE,http://dblp.uni-trier.de/db/conf/ccgrid/,计算机体系结构/并行与分布计算/存储系统,会议,C
66,Euro-Par,European Conference on Parallel and Distributed Computing,Springer,http://dblp.uni-trier.de/db/conf/europar/,计算机体系结构/并行与分布计算/存储系统,会议,C
67,ETS,European Test Symposium ,IEEE,http://dblp.uni-trier.de/db/conf/ets/,计算机体系结构/并行与分布计算/存储系统,会议,C
68,FPL,Field Programmable Logic and Applications,IEEE,http://dblp.uni-trier.de/db/conf/fpl/,计算机体系结构/并行与分布计算/存储系统,会议,C
69,FCCM,Field-Programmable Custom Computing Machines,IEEE,http://dblp.uni-trier.de/db/conf/fccm/,计算机体系结构/并行与分布计算/存储系统,会议,C
70,GLSVLSI,Great Lakes Symposium on VLSI Systems,ACM/IEEE,http://dblp.uni-trier.de/db/conf/glslsi/,计算机体系结构/并行与分布计算/存储系统,会议,C
71,HPCC,IEEE International Conference on High Performance Computing and Communications,IEEE,http://dblp.uni-trier.de/db/conf/hpcc/,计算机体系结构/并行与分布计算/存储系统,会议,C
72,MASCOTS,"IEEE International Symposium on Modeling, Analysis, and Simulation of Computer and Telecommunication Systems",IEEE,http://dblp.uni-trier.de/db/conf/mascots/,计算机体系结构/并行与分布计算/存储系统,会议,C
73,NPC,IFTP International Conference on Network and Parallel,Springer,http://dblp.uni-trier.de/db/conf/npc/,计算机体系结构/并行与分布计算/存储系统,会议,C
74,ICA3PP,International Conference on Algorithms and Architectures for Parallel Processing,IEEE,http://dblp.uni-trier.de/db/conf/ica3pp/,计算机体系结构/并行与分布计算/存储系统,会议,C
75,CASES,"International Conference on Comppilers, Architectures, and Synthesis for Embedded Systems",ACM,http://dblp.uni-trier.de/db/conf/cases/index.html,计算机体系结构/并行与分布计算/存储系统,会议,C
76,FPT,International Conference on Field-Programmable Technology,IEEE,http://dblp.uni-trier.de/db/conf/fpt/,计算机体系结构/并行与分布计算/存储系统,会议,C
77,HPC,International Conference on High Performance Computing,IEEE/ACM,http://dblp.uni-trier.de/db/conf/hipc/index.html,计算机体系结构/并行与分布计算/存储系统,会议,C
78,ICPADS,International Conference on Parallel and Distributed Systems,IEEE,http://dblp.uni-trier.de/db/conf/icpads/,计算机体系结构/并行与分布计算/存储系统,会议,C
79,ISCAS,International Symposium on Circuits and Systems,IEEE,http://dblp.uni-trier.de/db/conf/iscas/,计算机体系结构/并行与分布计算/存储系统,会议,C
80,ISLPED,International Symposium on Low Power Electronics and Design,ACM/IEEE,http://dblp.uni-trier.de/db/conf/islped/,计算机体系结构/并行与分布计算/存储系统,会议,C
81,ISPD,International Symposium on Physical Design,ACM,http://dblp.uni-trier.de/db/conf/ispd/,计算机体系结构/并行与分布计算/存储系统,会议,C
82,Hot Interconnects,Symposium on High-Performance Interconnects,IEEE,http://dblp.uni-trier.de/db/conf/hoti/,计算机体系结构/并行与分布计算/存储系统,会议,C
83,VTS,VLSI Test Symposium,IEEE,http://dblp.uni-trier.de/db/conf/vts/,计算机体系结构/并行与分布计算/存储系统,会议,C
84,ISPA,Sym on Parallel and Distributed Processing with Applications ,,http://dblp.uni-trier.de/db/conf/ispa/,计算机体系结构/并行与分布计算/存储系统,会议,C
85,SYSTOR,ACM SiGOPS International Systems and Storage Conference,ACM,http://dblp.uni-trier.de/db/conf/systor/index.html,计算机体系结构/并行与分布计算/存储系统,会议,C
86,ATS,IEEE Asian Test Symposium,IEEE,http://dblp.uni-trier.de/db/conf/ats/,计算机体系结构/并行与分布计算/存储系统,会议,C
87,TON,IEEE/ACM Transactions on Networking,"IEEE,ACM",http://dblp.uni-trier.de/db/journals/ton/ ,计算机网络,期刊,A
88,JSAC,IEEE Journal on Selected Areas in Communications,IEEE,http://dblp.uni-trier.de/db/journals/jsac/ ,计算机网络,期刊,A
89,TMC,IEEE TRANSACTIONS ON MOBILE COMPUTING,IEEE,http://dblp.uni-trier.de/db/journals/tmc/ ,计算机网络,期刊,A
90,TOIT,ACM Transactions on Internet Technology,ACM,http://dblp.uni-trier.de/db/journals/toit/ ,计算机网络,期刊,B
91,TOMCCAP,"ACM Transactions on Multimedia Computing, Communications and Applications",ACM,http://dblp.uni-trier.de/db/journals/tomccap/ ,计算机网络,期刊,B
92,TOSN,ACM Transactions on Sensor Networks ,ACM,http://dblp.uni-trier.de/db/journals/tosn/ ,计算机网络,期刊,B
93,CN,Computer Networks,Elsevier ,http://dblp.uni-trier.de/db/journals/cn/ ,计算机网络,期刊,B
94,TOC,IEEE Transactions on Communications ,IEEE,http://dblp.uni-trier.de/db/journals/tcom/ ,计算机网络,期刊,B
95,TWC,IEEE Transactions on Wireless Communications,IEEE,http://dblp.uni-trier.de/db/journals/twc/ ,计算机网络,期刊,B
96,,Ad hoc Networks,Elsevier ,http://dblp.uni-trier.de/db/journals/adhoc/ ,计算机网络,期刊,C
97,CC,Computer Communications,Elsevier ,http://dblp.uni-trier.de/db/journals/comcom/ ,计算机网络,期刊,C
98,TNSM,IEEE Transactions on Network and Service Management,IEEE,http://dblp.uni-trier.de/db/journals/tnsm/ ,计算机网络,期刊,C
99,,IET Communications,IET,http://dblp.uni-trier.de/db/journals/iet-com/ ,计算机网络,期刊,C
100,JNCA,Journal of Network and Computer Applications ,Elsevier ,http://dblp.uni-trier.de/db/journals/jnca/ ,计算机网络,期刊,C
101,MONET,Mobile Networks & Applications ,Springer,http://dblp.uni-trier.de/db/journals/monet/ ,计算机网络,期刊,C
102,,Networks ,Wiley,http://dblp.uni-trier.de/db/journals/networks/ ,计算机网络,期刊,C
103,PPNA,Peer-to-Peer Networking and Applications,Springer,http://dblp.uni-trier.de/db/journals/ppna/ ,计算机网络,期刊,C
104,WCMC,Wireless Communications & Mobile Computing,Wiley,http://dblp.uni-trier.de/db/journals/wicomm/ ,计算机网络,期刊,C
105,,Wireless Networks ,Springer,http://dblp.uni-trier.de/db/journals/winet/ ,计算机网络,期刊,C
106,MOBICOM ,ACM International Conference on Mobile Computing and Networking ,ACM ,http://dblp.uni-trier.de/db/conf/mobicom/ ,计算机网络,会议,A
107,SIGCOMM ,"ACM International Conference on the applications, technologies, architectures, and protocols for computer communication ",ACM ,http://dblp.uni-trier.de/db/conf/sigcomm/index.html ,计算机网络,会议,A
108,INFOCOM ,IEEE International Conference on Computer Communications ,IEEE ,http://dblp.uni-trier.de/db/conf/infocom/ ,计算机网络,会议,A
109,SenSys ,ACM Conference on Embedded Networked Sensor Systems ,ACM ,http://dblp.uni-trier.de/db/conf/sensys/ ,计算机网络,会议,B
110,CoNEXT ,ACM International Conference on emerging Networking EXperiments and Technologies ,ACM ,http://dblp.uni-trier.de/db/conf/conext/ ,计算机网络,会议,B
111,SECON ,IEEE Communications Society Conference on Sensor and Ad Hoc Communications and Networks ,IEEE ,http://dblp.uni-trier.de/db/conf/secon/ ,计算机网络,会议,B
112,IPSN ,International Conference on Information Processing in Sensor Networks ,IEEE/ACM ,http://dblp.uni-trier.de/db/conf/ipsn/ ,计算机网络,会议,B
113,ICNP ,International Conference on Network Protocols ,IEEE ,http://dblp.uni-trier.de/db/conf/icnp/ ,计算机网络,会议,B
114,MobiHoc ,International Symposium on Mobile Ad Hoc Networking and Computing ,ACM/IEEE ,http://dblp.uni-trier.de/db/conf/mobihoc/ ,计算机网络,会议,B
115,MobiSys ,"International Conference on Mobile Systems, Applications, and Services ",ACM ,http://dblp.uni-trier.de/db/conf/mobisys/ ,计算机网络,会议,B
116,IWQoS ,International Workshop on Quality of Service ,IEEE ,http://dblp.uni-trier.de/db/conf/iwqos/ ,计算机网络,会议,B
117,IMC ,Internet Measurement Conference ,ACM/USENIX ,http://dblp.uni-trier.de/db/conf/imc/ ,计算机网络,会议,B
118,NOSSDAV ,Network and Operating System Support for Digital Audio and Video ,ACM ,http://dblp.uni-trier.de/db/conf/nossdav/ ,计算机网络,会议,B
119,NSDI  ,Symposium on Network System Design and Implementation ,USENIX ,http://dblp.uni-trier.de/db/conf/nsdi/ ,计算机网络,会议,B
120,ANCS ,Architectures for Networking and Communications Systems ,ACM/IEEE ,http://dblp.uni-trier.de/db/conf/ancs/ ,计算机网络,会议,C
121,FORTE ,Formal Techniques for Networked and Distributed Systems ,Springer ,http://dblp.uni-trier.de/db/conf/forte/ ,计算机网络,会议,C
122,LCN ,IEEE Conference on Local Computer Networks ,IEEE ,http://dblp.uni-trier.de/db/conf/lcn/ ,计算机网络,会议,C
123,Globecom ,"IEEE Global Communications Conference, incorporating the Global Internet Symposium ",IEEE ,http://dblp.uni-trier.de/db/conf/globecom/ ,计算机网络,会议,C
124,ICC ,IEEE International Conference on Communications ,IEEE ,http://dblp.uni-trier.de/db/conf/icc/ ,计算机网络,会议,C
125,ICCCN ,IEEE International Conference on Computer Communications and Networks ,IEEE ,http://dblp.uni-trier.de/db/conf/icccn/ ,计算机网络,会议,C
126,MASS ,IEEE International Conference on Mobile Ad hoc and Sensor Systems ,IEEE ,http://dblp.uni-trier.de/db/conf/mass/index.html ,计算机网络,会议,C
127,P2P,IEEE International Conference on P2P Computing,IEEE ,http://dblp.uni-trier.de/db/conf/p2p/,计算机网络,会议,C
128,IPCCC ,IEEE International Performance Computing and Communications Conference ,IEEE ,http://dblp.uni-trier.de/db/conf/ipccc/ ,计算机网络,会议,C
129,WoWMoM ,IEEE International Symposium on a World of Wireless Mobile and Multimedia Networks ,IEEE ,http://dblp.uni-trier.de/db/conf/wowmom/ ,计算机网络,会议,C
130,ISCC ,IEEE Symposium on Computers and Communications ,IEEE ,http://dblp.uni-trier.de/db/conf/iscc/ ,计算机网络,会议,C
131,WCNC ,IEEE Wireless Communications & Networking Conference ,IEEE ,http://dblp.uni-trier.de/db/conf/wcnc/ ,计算机网络,会议,C
132,,IFIP International Conferences on Networking ,IFIP ,http://dblp.uni-trier.de/db/conf/networking/index. html ,计算机网络,会议,C
133,IM ,IFIP/IEEE International Symposium on Integrated Network Management ,IFIP/IEEE ,http://dblp.uni-trier.de/db/conf/im/index.html ,计算机网络,会议,C
134,MSWiM ,"International Conference on Modeling, Analysis and Simulation of Wireless and Mobile Systems ",ACM ,http://dblp.uni-trier.de/db/conf/mswim/ ,计算机网络,会议,C
135,NOMS ,Asia-Pacific Network Operations and Management Symposium ,IFIP/IEEE ,http://dblp.uni-trier.de/db/conf/apnoms/ ,计算机网络,会议,C
136,HotNets ,The Workshop on Hot Topics in Networks ,ACM ,http://dblp.uni-trier.de/db/conf/hotnets/ ,计算机网络,会议,C
137,WASA ,"International Conference on Wireless Algorithms, Systems, and Applications ",Springer ,http://dblp.uni-trier.de/db/conf/wasa/ ,计算机网络,会议,C
138,TDSC,IEEE Transactions on Dependable and Secure Computing ,IEEE,http://dblp.uni-trier.de/db/journals/tdsc/,网络与信息安全,期刊,A
139,TIFS,IEEE Transactions on Information Forensics and Security,IEEE,http://dblp.uni-trier.de/db/journals/tifs/,网络与信息安全,期刊,A
140,,Journal of Cryptology,Springer,http://dblp.uni-trier.de/db/journals/joc/,网络与信息安全,期刊,A
141,TISSEC,ACM Transactions on Information and System Security,ACM,http://dblp.uni-trier.de/db/journals/tissec/,网络与信息安全,期刊,B
142,,Computers & Security,Elsevier,http://dblp.uni-trier.de/db/journals/compsec/,网络与信息安全,期刊,B
143,,"Designs, Codes and Cryptography",Springer,http://dblp.uni-trier.de/db/journals/dcc/,网络与信息安全,期刊,B
144,JCS,Journal of Computer Security,IOS Press,http://dblp.uni-trier.de/db/journals/jcs/,网络与信息安全,期刊,B
145,CLSR,Computer Law and Security Reports,Elsevier,http://www.journals.elsevier.com/computer-law-and-security-review/,网络与信息安全,期刊,C
146,,EURASIP Journal on Information Security,Springer,http://dblp.uni-trier.de/db/journals/ejisec/,网络与信息安全,期刊,C
147,,IET Information Security,IET,http://dblp.uni-trier.de/db/journals/iet-ifs/,网络与信息安全,期刊,C
148,IMCS,Information Management & Computer Security,Emerald,http://dblp.uni-trier.de/db/journals/imcs/,网络与信息安全,期刊,C
149,ISTR,Information Security Technical Report,Elsevier,http://dblp.uni-trier.de/db/journals/istr/,网络与信息安全,期刊,C
150,IJISP,International Journal of Information Security and Privacy,Idea Group Inc,http://dblp.uni-trier.de/db/journals/ijisp/,网络与信息安全,期刊,C
151,IJICS,International Journal of Information and Computer Security,Inderscience,http://dblp.uni-trier.de/db/journals/ijics/,网络与信息安全,期刊,C
152,SCN,Security and Communication Networks,Wiley,http://dblp.uni-trier.de/db/journals/scn/,网络与信息安全,期刊,C
153,CCS,ACM Conference on Computer and Communications Security,ACM,http://dblp.uni-trier.de/db/conf/ccs/,网络与信息安全,会议,A
154,CRYPTO,International Cryptology Conference,Springer,http://dblp.uni-trier.de/db/conf/crypto/,网络与信息安全,会议,A
155,EUROCRYPT,European Cryptology Conference,Springer,http://dblp.uni-trier.de/db/conf/eurocrypt/,网络与信息安全,会议,A
156,S&P,IEEE Symposium on Security and Privacy,IEEE,http://dblp.uni-trier.de/db/conf/sp/,网络与信息安全,会议,A
157,USENIX Security,Usenix Security Symposium,USENIX Association ,http://dblp.uni-trier.de/db/conf/uss/,网络与信息安全,会议,A
158,ACSAC,Annual Computer Security Applications Conference,IEEE,http://dblp.uni-trier.de/db/conf/acsac/,网络与信息安全,会议,B
159,ASIACRYPT,Annual International Conference on the Theory and Application of Cryptology and Information Security,Springer,http://dblp.uni-trier.de/db/conf/asiacrypt/,网络与信息安全,会议,B
160,ESORICS,EuropeanSymposiumonResearchinComputerSecurity,Springer,http://dblp.uni-trier.de/db/conf/esorics/,网络与信息安全,会议,B
161,FSE,Fast Software Encryption,Springer,http://dblp.uni-trier.de/db/conf/fse/,网络与信息安全,会议,B
162,NDSS,ISOC Network and Distributed System Workshop,ISOC,http://dblp.uni-trier.de/db/conf/ndss/,网络与信息安全,会议,B
163,CSFW,IEEE Computer Security Foundations Workshop,IEEE,http://dblp.uni-trier.de/db/conf/csfw/,网络与信息安全,会议,B
164,RAID,International Symposium on Recent Advances in Intrusion Detection,Springer,http://dblp.uni-trier.de/db/conf/raid/,网络与信息安全,会议,B
165,PKC,International Workshop on Practice and Theory in Public Key Cryptography,Springer,http://dblp.uni-trier.de/db/conf/pkc/,网络与信息安全,会议,B
166,DSN,The International Conference on Dependable Systems and Networks,IEEE/IFIP,http://dblp.uni-trier.de/db/conf/dsn/,网络与信息安全,会议,B
167,TCC,Theory of Cryptography Conference,Springer,http://dblp.uni-trier.de/db/conf/tcc/,网络与信息安全,会议,B
168,SRDS,IEEE International Symposium on Reliable Distributed Systems,IEEE,http://dblp.uni-trier.de/db/conf/srds/,网络与信息安全,会议,B
169,CHES,Workshop on Cryptographic Hardware and Embedded Systems,Springer,http://dblp.uni-trier.de/db/conf/ches/,网络与信息安全,会议,B
170,WiSec,ACM Conference on Security and Privacy in Wireless and Mobile Networks,ACM,http://dblp.uni-trier.de/db/conf/wisec/,网络与信息安全,会议,C
171,ACM MM&SEC,ACM Multimedia and Security Workshop,ACM,http://dblp.uni-trier.de/db/conf/ih/,网络与信息安全,会议,C
172,SACMAT,ACM Symposium on Access Control Models and Technologies,ACM,http://dblp.uni-trier.de/db/conf/sacmat/,网络与信息安全,会议,C
173,ASIACCS,"ACM Symposium on Information, Computer and Communications Security",ACM,http://dblp.uni-trier.de/db/conf/ccs/,网络与信息安全,会议,C
174,DRM,ACM Workshop on Digital Rights Management,ACM,http://dblp.uni-trier.de/db/conf/drm/,网络与信息安全,会议,C
175,ACNS,Applied Cryptography and Network Security,Springer,http://dblp.uni-trier.de/db/conf/acns/,网络与信息安全,会议,C
176,ACISP,AustralasiaConferenceonInformation SecurityandPrivacy,Springer,http://dblp.uni-trier.de/db/conf/acisp/,网络与信息安全,会议,C
177,DFRWS,Digital Forensic Research Workshop,Elsevier,http://dblp.uni-trier.de/db/conf/dfrws/,网络与信息安全,会议,C
178,FC,Financial Cryptography and Data Security,Springer,http://dblp.uni-trier.de/db/conf/fc/,网络与信息安全,会议,C
179,DIMVA,Detection of Intrusions and Malware &Vulnerability Assessment,SIDAR、GI、Springer,http://dblp.uni-trier.de/db/conf/dimva/,网络与信息安全,会议,C
180,SEC,IFIP International Information Security Conference,Springer,http://dblp.uni-trier.de/db/conf/sec/,网络与信息安全,会议,C
181,IFIP WG 11.9,IFIP WG 11.9 International Conference on Digital Forensics,Springer,http://www.ifip119.org/Conferences/,网络与信息安全,会议,C
182,ISC,Information Security Conference,Springer,http://dblp.uni-trier.de/db/conf/isw/,网络与信息安全,会议,C
183,ICICS,International Conference on Information and Communications Security,Springer,http://dblp.uni-trier.de/db/conf/icics/,网络与信息安全,会议,C
184,SecureComm,International Conference on Security and Privacy in Communication Networks,ACM,http://dblp.uni-trier.de/db/conf/securecomm/,网络与信息安全,会议,C
185,NSPW,New Security Paradigms Workshop,ACM,http://dblp.uni-trier.de/db/conf/nspw/,网络与信息安全,会议,C
186,CT-RSA,"RSA Conference, Cryptographers' Track",Springer,http://dblp.uni-trier.de/db/conf/ctrsa/,网络与信息安全,会议,C
187,SOUPS,Symposium On Usable Privacy and Security,ACM,http://dblp.uni-trier.de/db/conf/soups/,网络与信息安全,会议,C
188,HotSec,USENIX Workshop on Hot Topics in Security,USENIX,http://www.usenix.org/events/,网络与信息安全,会议,C
189,SAC,Selected Areas in Cryptography,Springer,http://dblp.uni-trier.de/db/conf/sacrypt/,网络与信息安全,会议,C
190,TrustCom,"IEEE International Conference on Trust,Security and Privacy in Computing and Communications",IEEE,http://dblp.uni-trier.de/db/conf/trustcom/,网络与信息安全,会议,C
191,PAM,Passive and Active Measurement Conference,Springer,http://dblp.uni-trier.de/db/conf/pam/,网络与信息安全,会议,C
192,PETS,Privacy Enhancing Technologies Symposium,Springer,http://dblp.uni-trier.de/db/conf/pet/,网络与信息安全,会议,C
193,,International Conference on Digital Forensics & Cyber Crime,Springer,http://dblp.uni-trier.de/db/conf/icdf2c/,网络与信息安全,会议,C
194,TOPLAS,ACM Transactions on Programming Languages & Systems ,ACM,http://dblp.uni-trier.de/db/journals/toplas/,软件工程,期刊,A
195,TOSEM ,ACM Transactions on Software Engineering Methodology,ACM,http://dblp.uni-trier.de/db/journals/tosem/,软件工程,期刊,A
196,TSE ,IEEE Transactions on Software Engineering,IEEE,http://dblp.uni-trier.de/db/journals/tse/,软件工程,期刊,A
197,ASE,Automated Software Engineering,Springer  ,http://dblp.uni-trier.de/db/journals/ase/,软件工程,期刊,B
198,ESE,Empirical Software Engineering ,Springer  ,http://dblp.uni-trier.de/db/journals/ese/,软件工程,期刊,B
199,TSC,IEEE Transactions on Service Computing,IEEE,http://dblp.uni-trier.de/db/journals/tsc/,软件工程,期刊,B
200,IETS,IET Software,IET,http://dblp.uni-trier.de/db/journals/iee/index.html,软件工程,期刊,B
201,IST,Information and Software Technology ,Elsevier ,http://dblp.uni-trier.de/db/journals/infsof/index.html,软件工程,期刊,B
202,JFP,Journal of Functional Programming,Cambridge University Press,http://dblp.uni-trier.de/db/journals/jfp/,软件工程,期刊,B
203,,Journal of Software: Evolution and Process,Wiley,http://dblp.uni-trier.de/db/journals/smr/,软件工程,期刊,B
204,JSS ,Journal of Systems and Software,Elsevier,http://dblp.uni-trier.de/db/journals/jss/,软件工程,期刊,B
205,RE,Requirements Engineering,Springer ,http://dblp.uni-trier.de/db/journals/re/,软件工程,期刊,B
206,SCP,Science of Computer Programming,Elsevier,http://dblp.uni-trier.de/db/journals/scp/,软件工程,期刊,B
207,SoSyM,Software and System Modeling,Springer ,http://dblp.uni-trier.de/db/journals/sosym/,软件工程,期刊,B
208,SPE,Software: Practice and Experience,Wiley,http://dblp.uni-trier.de/db/journals/spe/,软件工程,期刊,B
209,STVR,"Software Testing, Verification and Reliability",Wiley,http://dblp.uni-trier.de/db/journals/stvr/index.html,软件工程,期刊,B
210,CL,"Computer Languages, Systems and Structures",Elsevier,http://dblp.uni-trier.de/db/journals/cl/index.html,软件工程,期刊,C
211,IJSEKE,International Journal on Software Engineering and Knowledge Engineering,World Scientific,http://dblp.uni-trier.de/db/journals/ijseke/index.html,软件工程,期刊,C
212,STTT,International Journal on Software Tools for Technology Transfer,Springer,http://dblp.uni-trier.de/db/journals/sttt/,软件工程,期刊,C
213,JLAP,Journal of Logic and Algebraic Programming,Elsevier,http://dblp.uni-trier.de/db/journals/jlp/jlap.html,软件工程,期刊,C
214,JWE ,Journal of Web Engineering,Rinton Press,http://dblp.uni-trier.de/db/journals/jwe/,软件工程,期刊,C
215,SOCA ,Service Oriented Computing and Applications,Springer,http://dblp.uni-trier.de/db/journals/soca/,软件工程,期刊,C
216,SQJ,Software Quality Journal,Springer,http://dblp.uni-trier.de/db/journals/sqj/,软件工程,期刊,C
217,TPLP,Theory and Practice of Logic Programming,Cambridge University Press,http://dblp.uni-trier.de/db/journals/tplp/,软件工程,期刊,C
218,FSE/ESEC,ACM SIGSOFT Symposium on the Foundation of Software Engineering/ European Software Engineering Conference,ACM,http://dblp.uni-trier.de/db/conf/sigsoft/,软件工程,会议,A
219,OOPSLA,"Conference on Object-Oriented Programming Systems, Languages, and Applications",ACM,http://dblp.uni-trier.de/db/conf/oopsla/,软件工程,会议,A
220,ICSE,International Conference on Software Engineering,ACM/IEEE,http://dblp.uni-trier.de/db/conf/icse/,软件工程,会议,A
221,OSDI,USENIX Symposium on Operating Systems Design and Implementations,USENIX,http://dblp.uni-trier.de/db/conf/osdi/,软件工程,会议,A
222,PLDI,ACM SIGPLAN Symposium on Programming Language Design & Implementation,ACM,http://dblp.uni-trier.de/db/conf/pldi/,软件工程,会议,A
223,POPL,ACM SIGPLAN-SIGACT Symposium on Principles of Programming Languages,ACM,http://dblp.uni-trier.de/db/conf/popl/,软件工程,会议,A
224,SOSP,ACM Symposium on Operating Systems Principles,ACM,http://dblp.uni-trier.de/db/conf/sosp/,软件工程,会议,A
225,ASE,International Conference on Automated Software Engineering,IEEE/ACM,http://dblp.uni-trier.de/db/conf/kbse/,软件工程,会议,A
226,ECOOP,European Conference on Object-Oriented Programming,AITO,http://dblp.uni-trier.de/db/conf/ecoop/,软件工程,会议,B
227,ETAPS,European Joint Conferences on Theory and Practice of Software,Springer,http://dblp.uni-trier.de/db/conf/etaps/,软件工程,会议,B
228,FM,World Congress on Formal Methods,FME,http://dblp.uni-trier.de/db/conf/fm/,软件工程,会议,B
229,ICPC,IEEE International Conference on Program Comprehension,IEEE,http://dblp.uni-trier.de/db/conf/iwpc/,软件工程,会议,B
230,RE,IEEE International Requirement Engineering Conference,IEEE,http://dblp.uni-trier.de/db/conf/re/,软件工程,会议,B
231,CAiSE,International Conference on Advanced Information Systems Engineering,Springer,http://dblp.uni-trier.de/db/conf/caise/,软件工程,会议,B
232,ICFP,International Conference on Function Programming,ACM,http://dblp.uni-trier.de/db/conf/icfp/,软件工程,会议,B
233,LCTES,"International Conference on Languages, Compilers, Tools and Theory for Embedded Systems",ACM,http://dblp.uni-trier.de/db/conf/lctrts/,软件工程,会议,B
234,MoDELS,International Conference on Model Driven Engineering Languages and Systems,"ACM, IEEE",http://dblp.uni-trier.de/db/conf/models/,软件工程,会议,B
235,CP,International Conference on Principles and Practice of Constraint Programming,Springer,http://dblp.uni-trier.de/db/conf/cp/,软件工程,会议,B
236,ICSOC,International Conference on Service Oriented Computing,Springer,http://dblp.uni-trier.de/db/conf/icsoc/,软件工程,会议,B
237,ICSME,International Conference on Software Maintenance and Evolution,IEEE,http://dblp.uni-trier.de/db/conf/icsm/,软件工程,会议,B
238,VMCAI,"International Conference on Verification, Model Checking, and Abstract Interpretation",Springer,http://dblp.uni-trier.de/db/conf/vmcai/,软件工程,会议,B
239,ICWS,"International Conference on Web Services
（Research Track）",IEEE,http://dblp.uni-trier.de/db/conf/icws/,软件工程,会议,B
240,SAS,International Static Analysis Symposium,Springer,http://dblp.uni-trier.de/db/conf/sas/,软件工程,会议,B
241,ISSRE,International Symposium on Software Reliability Engineering,IEEE,http://dblp.uni-trier.de/db/conf/issre/,软件工程,会议,B
242,ISSTA,International Symposium on Software Testing and Analysis,ACM,http://dblp.uni-trier.de/db/conf/issta/,软件工程,会议,B
243,,Conference on middleware,ACM/IFIP/ USENIX,http://dblp.uni-trier.de/db/conf/middleware/,软件工程,会议,B
244,SANER,"International Conference on Software Analysis, Evolution, and Reengineering",IEEE,http://dblp.uni-trier.de/db/conf/wcre/,软件工程,会议,B
245,HotOS,USENIX Workshop on Hot Topics in Operating Systems,USENIX,http://dblp.uni-trier.de/db/conf/hotos/,软件工程,会议,B
246,ESEM,International Symposium on Empirical Software Engineering and Measurement,ACM/IEEE,http://dblp.uni-trier.de/db/conf/esem/,软件工程,会议,B
247,PASTE,ACMSIGPLAN-SIGSOFT Workshop on Program Analysis for Software Tools and Engineering,ACM,http://dblp.uni-trier.de/db/conf/paste/,软件工程,会议,C
248,APLAS,Asian Symposium on Programming Languages and Systems,Springer,http://dblp.uni-trier.de/db/conf/aplas/,软件工程,会议,C
249,APSEC,Asia-Pacific Software Engineering Conference,IEEE,http://dblp.uni-trier.de/db/conf/apsec/,软件工程,会议,C
250,COMPSAC,International Computer Software and Applications Conference,IEEE,http://dblp.uni-trier.de/db/conf/compsac/,软件工程,会议,C
251,ICECCS,IEEE International Conference on Engineering of Complex Computer Systems,IEEE,http://dblp.uni-trier.de/db/conf/iceccs/,软件工程,会议,C
252,SCAM,IEEE International Working Conference on Source Code Analysis and Manipulation,IEEE,http://dblp.uni-trier.de/db/conf/scam/,软件工程,会议,C
253,ICFEM,International Conference on Formal Engineering Methods,Springer,http://dblp.uni-trier.de/db/conf/icfem/,软件工程,会议,C
254,TOOLS,"International Conference on Objects, Models, Components, Patterns",Springer,http://dblp.uni-trier.de/db/conf/tools/index.html,软件工程,会议,C
255,PEPM,ACM SIGPLAN Symposium on Partial Evaluation and Semantics Based Programming Manipulation,ACM,http://dblp.uni-trier.de/db/conf/pepm/,软件工程,会议,C
256,QRS,"The IEEE International Conference on Software Quality, Reliability and Security",IEEE,http://paris.utdallas.edu/qrs/,软件工程,会议,C
257,SEKE,International Conference on Software Engineering and Knowledge Engineering,KSI,http://dblp.uni-trier.de/db/conf/seke/,软件工程,会议,C
258,ICSR,International Conference on Software Reuse,Springer,http://dblp.uni-trier.de/db/conf/icsr/,软件工程,会议,C
259,ICWE,International Conference on Web Engineering,Springer,http://dblp.uni-trier.de/db/conf/icwe/,软件工程,会议,C
260,SPIN,International SPIN Workshop on Model Checking of Software,Springer,http://dblp.uni-trier.de/db/conf/spin/index.html,软件工程,会议,C
261,LOPSTR,International Symposium on Logic-based Program Synthesis and Transformation,Springer,http://dblp.uni-trier.de/db/conf/lopstr/,软件工程,会议,C
262,TASE,International Symposium on Theoretical Aspects of Software Engineering,IEEE,http://dblp.uni-trier.de/db/conf/tase/,软件工程,会议,C
263,ICST,"The IEEE International Conference on Software Testing, Verification and Validation",IEEE,http://dblp.uni-trier.de/db/conf/icst/,软件工程,会议,C
264,ATVA,International Symposium on Automated Technology for Verification and Analysis,Springer,http://dblp.uni-trier.de/db/conf/atva/,软件工程,会议,C
265,ISPASS,IEEE International Symposium on Performance Analysis of Systems and Software,IEEE,http://dblp.uni-trier.de/db/conf/ispass/,软件工程,会议,C
266,SCC,International Conference on Service Computing,IEEE,http://dblp.uni-trier.de/db/conf/IEEEscc/,软件工程,会议,C
267,ICSSP,International Conference on Software and System Process,ISPA,http://dblp.uni-trier.de/db/conf/ispw/,软件工程,会议,C
268,MSR,Working Conference on Mining Software Repositories,IEEE/ACM,http://dblp.uni-trier.de/db/conf/msr/,软件工程,会议,C
269,REFSQ,Requirements Engineering: Foundation for Software Quality,Springer,http://dblp.uni-trier.de/db/conf/refsq/,软件工程,会议,C
270,WICSA,Working IEEE/IFIP Conference on Software Architecture,IEEE,http://dblp.uni-trier.de/db/conf/wicsa/,软件工程,会议,C
271,EASE,Evaluation and Assessment in Software Engineering,ACM,http://dblp.uni-trier.de/db/conf/ease/,软件工程,会议,C
272,TODS ,ACM Transactions on Database Systems,ACM ,http://dblp.uni-trier.de/db/journals/tods/ ,数据库/数据挖掘/内容检索,期刊,A
273,TOIS ,ACM Transactions on Information Systems ,ACM ,http://dblp.uni-trier.de/db/journals/tois/ ,数据库/数据挖掘/内容检索,期刊,A
274,TKDE ,IEEE Transactions on Knowledge and Data Engineering ,IEEE ,http://dblp.uni-trier.de/db/journals/tkde/ ,数据库/数据挖掘/内容检索,期刊,A
275,VLDBJ ,VLDB Journal ,Springer ,http://dblp.uni-trier.de/db/journals/vldb/ ,数据库/数据挖掘/内容检索,期刊,A
276,TKDD ,ACM Transactions on Knowledge Discovery from Data ,ACM ,http://dblp.uni-trier.de/db/journals/tkdd/ ,数据库/数据挖掘/内容检索,期刊,B
277,AEI ,Advanced Engineering Informatics ,Elsevier ,http://dblp.uni-trier.de/db/journals/aei/ ,数据库/数据挖掘/内容检索,期刊,B
278,DKE ,Data and Knowledge Engineering ,Elsevier ,http://dblp.uni-trier.de/db/journals/dke/ ,数据库/数据挖掘/内容检索,期刊,B
279,DMKD ,Data Mining and Knowledge Discovery ,Springer ,http://dblp.uni-trier.de/db/journals/datamine/ ,数据库/数据挖掘/内容检索,期刊,B
280,EJIS ,European Journal of Information Systems ,The OR Society ,http://dblp.uni-trier.de/db/journals/ejis/ ,数据库/数据挖掘/内容检索,期刊,B
281, ,GeoInformatica ,Springer  ,http://dblp.uni-trier.de/db/journals/geoinformatica/ ,数据库/数据挖掘/内容检索,期刊,B
282,IPM ,Information Processing and Management ,Elsevier ,http://dblp.uni-trier.de/db/journals/ipm/ ,数据库/数据挖掘/内容检索,期刊,B
283, ,Information Sciences ,Elsevier ,http://dblp.uni-trier.de/db/journals/isci/ ,数据库/数据挖掘/内容检索,期刊,B
284,IS ,Information Systems ,Elsevier ,http://dblp.uni-trier.de/db/journals/is/ ,数据库/数据挖掘/内容检索,期刊,B
285,JASIST ,Journal of the American Society for Information Science and Technology ,American Society for Information Science and Technology ,http://dblp.uni-trier.de/db/journals/jasis/ ,数据库/数据挖掘/内容检索,期刊,B
286,JWS ,Journal of Web Semantics ,Elsevier ,http://dblp.uni-trier.de/db/journals/ws/ ,数据库/数据挖掘/内容检索,期刊,B
287,KIS ,Knowledge and Information Systems ,Springer  ,http://dblp.uni-trier.de/db/journals/kais/ ,数据库/数据挖掘/内容检索,期刊,B
288,TWEB ,ACM Transactions on the Web ,ACM ,http://dblp.uni-trier.de/db/journals/tweb/ ,数据库/数据挖掘/内容检索,期刊,B
289,DPD ,Distributed and Parallel Databases ,Springer  ,http://dblp.uni-trier.de/db/journals/dpd/ ,数据库/数据挖掘/内容检索,期刊,C
290,I&M ,Information and Management ,Elsevier ,http://dblp.uni-trier.de/db/journals/iam/ ,数据库/数据挖掘/内容检索,期刊,C
291,IPL ,Information Processing Letters ,Elsevier ,http://dblp.uni-trier.de/db/journals/ipl/ ,数据库/数据挖掘/内容检索,期刊,C
292,IR ,Information Retrieval ,Springer ,http://dblp.uni-trier.de/db/journals/ir/ ,数据库/数据挖掘/内容检索,期刊,C
293,IJCIS ,International Journal of Cooperative Information Systems ,World Scientific  ,http://dblp.uni-trier.de/db/journals/ijcis/ ,数据库/数据挖掘/内容检索,期刊,C
294,IJGIS ,International Journal of Geographical Information Science ,Taylor & Francis  ,http://dblp.uni-trier.de/db/journals/gis/ ,数据库/数据挖掘/内容检索,期刊,C
295,IJIS ,International Journal of Intelligent Systems ,Wiley ,http://dblp.uni-trier.de/db/journals/ijis/ ,数据库/数据挖掘/内容检索,期刊,C
296,IJKM ,International Journal of Knowledge Management ,IGI ,http://dblp.uni-trier.de/db/journals/ijkm/ ,数据库/数据挖掘/内容检索,期刊,C
297,IJSWIS ,International Journal on Semantic Web and Information Systems   ,IGI ,http://dblp.uni-trier.de/db/journals/ijswis/ ,数据库/数据挖掘/内容检索,期刊,C
298,JCIS ,Journal of Computer Information Systems ,IACIS ,http://dblp.uni-trier.de/db/journals/jcis/ ,数据库/数据挖掘/内容检索,期刊,C
299,JDM ,Journal of Database Management ,IGI-Global ,http://dblp.uni-trier.de/db/journals/jdm/ ,数据库/数据挖掘/内容检索,期刊,C
300,JGITM ,Journal of Global Information Technology Management ,Ivy League Publishing  ,http://www.tandfonline.com/loi/ugit20#.Vnv35pN97rI,数据库/数据挖掘/内容检索,期刊,C
301,JIIS ,Journal of Intelligent Information Systems ,Springer  ,http://dblp.uni-trier.de/db/journals/jiis/ ,数据库/数据挖掘/内容检索,期刊,C
302,JSIS ,Journal of Strategic Information Systems ,Elsevier ,http://dblp.uni-trier.de/db/journals/jsis/ ,数据库/数据挖掘/内容检索,期刊,C
303,SIGMOD ,ACM Conference on Management of Data ,ACM ,http://dblp.uni-trier.de/db/conf/sigmod/ ,数据库/数据挖掘/内容检索,会议,A
304,SIGKDD ,ACM Knowledge Discovery and Data Mining ,ACM ,http://dblp.uni-trier.de/db/conf/kdd/ ,数据库/数据挖掘/内容检索,会议,A
305,SIGIR ,International Conference on Research on Development in Information Retrieval ,ACM ,http://dblp.uni-trier.de/db/conf/sigir/ ,数据库/数据挖掘/内容检索,会议,A
306,VLDB ,International Conference on Very Large Data Bases ,Morgan Kaufmann/ACM ,http://dblp.uni-trier.de/db/conf/vldb/ ,数据库/数据挖掘/内容检索,会议,A
307,ICDE ,IEEE International Conference on Data Engineering ,IEEE ,http://dblp.uni-trier.de/db/conf/icde/ ,数据库/数据挖掘/内容检索,会议,A
308,CIKM ,ACM International Conference on Information and Knowledge Management ,ACM ,http://dblp.uni-trier.de/db/conf/cikm/ ,数据库/数据挖掘/内容检索,会议,B
309,PODS ,ACM SIGMOD Conference on Principles of DB Systems ,ACM ,http://dblp.uni-trier.de/db/conf/pods/ ,数据库/数据挖掘/内容检索,会议,B
310,DASFAA ,Database Systems for Advanced Applications ,Springer  ,http://dblp.uni-trier.de/db/conf/dasfaa/ ,数据库/数据挖掘/内容检索,会议,B
311,ECML-PKDD ,European Conference on Machine Learning and Principles and Practice of Knowledge Discovery in Databases  ,Springer ,http://dblp.uni-trier.de/db/conf/ecml/ http://dblp.uni-trier.de/db/conf/pkdd/ ,数据库/数据挖掘/内容检索,会议,B
312,ISWC ,IEEE International Semantic Web Conference ,IEEE ,http://dblp.uni-trier.de/db/conf/semweb/ ,数据库/数据挖掘/内容检索,会议,B
313,ICDM ,International Conference on Data Mining ,IEEE  ,http://dblp.uni-trier.de/db/conf/icdm/ ,数据库/数据挖掘/内容检索,会议,B
314,ICDT ,International Conference on Database Theory ,Springer ,http://dblp.uni-trier.de/db/conf/icdt/ ,数据库/数据挖掘/内容检索,会议,B
315,EDBT ,International Conference on Extending DB Technology ,Springer  ,http://dblp.uni-trier.de/db/conf/edbt/ ,数据库/数据挖掘/内容检索,会议,B
316,CIDR ,International Conference on Innovation  Database Research ,Online Proceeding ,http://dblp.uni-trier.de/db/conf/cidr/ ,数据库/数据挖掘/内容检索,会议,B
317,SDM ,SIAM International Conference on Data Mining ,SIAM ,http://dblp.uni-trier.de/db/conf/sdm/ ,数据库/数据挖掘/内容检索,会议,B
318,WSDM ,ACM International Conference on Web Search and Data Mining ,ACM ,http://dblp.uni-trier.de/db/conf/wsdm/ ,数据库/数据挖掘/内容检索,会议,B
319,DEXA ,Database and Expert System Applications ,Springer ,http://dblp.uni-trier.de/db/conf/dexa/ ,数据库/数据挖掘/内容检索,会议,C
320,ECIR ,European Conference on IR Research ,Springer ,http://dblp.uni-trier.de/db/conf/ecir/ ,数据库/数据挖掘/内容检索,会议,C
321,WebDB ,International ACM Workshop on Web and Databases ,ACM ,http://dblp.uni-trier.de/db/conf/webdb/ ,数据库/数据挖掘/内容检索,会议,C
322,ER ,International Conference on Conceptual Modeling ,Springer ,http://dblp.uni-trier.de/db/conf/er/ ,数据库/数据挖掘/内容检索,会议,C
323,MDM ,International Conference on Mobile Data Management ,IEEE ,http://dblp.uni-trier.de/db/conf/mdm/ ,数据库/数据挖掘/内容检索,会议,C
324,SSDBM ,International Conference on Scientific and Statistical DB Management ,IEEE  ,http://dblp.uni-trier.de/db/conf/ssdbm/ ,数据库/数据挖掘/内容检索,会议,C
325,WAIM ,International Conference on Web Age Information Management ,Springer  ,http://dblp.uni-trier.de/db/conf/waim/ ,数据库/数据挖掘/内容检索,会议,C
326,SSTD ,International Symposium on Spatial and Temporal Databases ,Springer ,http://dblp.uni-trier.de/db/conf/ssd/  ,数据库/数据挖掘/内容检索,会议,C
327,PAKDD ,Pacific-Asia Conference on Knowledge Discovery and Data Mining ,Springer ,http://dblp.uni-trier.de/db/conf/pakdd/ ,数据库/数据挖掘/内容检索,会议,C
328,APWeb ,The Asia Pacific Web Conference ,Springer  ,http://dblp.uni-trier.de/db/conf/apweb/ ,数据库/数据挖掘/内容检索,会议,C
329,WISE ,Web Information Systems Engineering ,Springer ,http://dblp.uni-trier.de/db/conf/wise/ ,数据库/数据挖掘/内容检索,会议,C
330,ESWC ,Extended Semantic Web Conference ,Elsevier ,http://dblp.uni-trier.de/db/conf/esws/ ,数据库/数据挖掘/内容检索,会议,C
331,IANDC ,Information and Computation ,Elsevier ,http://dblp.uni-trier.de/db/journals/iandc/ ,计算机科学理论,期刊,A
332,SICOMP ,SIAM Journal on Computing ,SIAM ,http://dblp.uni-trier.de/db/journals/siamcomp/ ,计算机科学理论,期刊,A
333,TIT ,IEEE Transactions on Information Theory ,IEEE ,http://dblp.uni-trier.de/db/journals/tit/ ,计算机科学理论,期刊,A
334,TALG ,ACM Transactions on Algorithms ,ACM ,http://dblp.uni-trier.de/db/journals/talg/ ,计算机科学理论,期刊,B
335,TOCL ,ACM Transactions on Computational Logic ,ACM ,http://dblp.uni-trier.de/db/journals/tocl/ ,计算机科学理论,期刊,B
336,TOMS ,ACM Transactions on Mathematical Software ,ACM ,http://dblp.uni-trier.de/db/journals/toms/ ,计算机科学理论,期刊,B 
337,Algorithmica ,Algorithmica ,Springer ,http://dblp.uni-trier.de/db/journals/algorithmica/ ,计算机科学理论,期刊,B 
338,CC ,Computational complexity ,Springer ,http://dblp.uni-trier.de/db/journals/cc/ ,计算机科学理论,期刊,B
339,FAC ,Formal Aspects of Computing ,Springer ,http://dblp.uni-trier.de/db/journals/fac/ ,计算机科学理论,期刊,B
340,FMSD ,Formal Methods in System Design ,Springer ,http://dblp.uni-trier.de/db/journals/fmsd/ ,计算机科学理论,期刊,B
341,INFORMS ,INFORMS Journal on Computing ,INFORMS ,http://dblp.uni-trier.de/db/journals/informs/ ,计算机科学理论,期刊,B
342,JCSS ,Journal of Computer and System Sciences ,Elsevier ,http://dblp.uni-trier.de/db/journals/jcss/ ,计算机科学理论,期刊,B
343,JGO ,Journal of Global Optimization ,Springer ,http://dblp.uni-trier.de/db/journals/jgo/ ,计算机科学理论,期刊,B
344,JSC ,Journal of Symbolic Computation ,Elsevier ,http://dblp.uni-trier.de/db/journals/jsc/ ,计算机科学理论,期刊,B
345,MSCS ,Mathematical Structures in Computer Science ,Cambridge University Press ,http://dblp.uni-trier.de/db/journals/mscs/ ,计算机科学理论,期刊,B
346,TCS ,Theoretical Computer Science ,Elsevier ,http://dblp.uni-trier.de/db/journals/tcs/ ,计算机科学理论,期刊,B
347,APAL ,Annals of Pure and Applied Logic ,Elsevier ,http://dblp.uni-trier.de/db/journals/apal/ ,计算机科学理论,期刊,C
348,ACTA ,Acta Informatica ,Springer ,http://dblp.uni-trier.de/db/journals/acta/ ,计算机科学理论,期刊,C
349,DAM ,Discrete Applied Mathematics ,Elsevier ,http://dblp.uni-trier.de/db/journals/dam/ ,计算机科学理论,期刊,C
350,FUIN ,Fundamenta Informaticae ,IOS Press ,http://dblp.uni-trier.de/db/journals/fuin/ ,计算机科学理论,期刊,C
351,LISP ,Higher-Order and Symbolic Computation ,Springer ,http://dblp.uni-trier.de/db/journals/lisp/ ,计算机科学理论,期刊,C
352,IPL ,Information Processing Letters ,Elsevier ,http://dblp.uni-trier.de/db/journals/ipl/ ,计算机科学理论,期刊,C
353,JCOMPLEXITY ,Journal of Complexity ,Elsevier ,http://dblp.uni-trier.de/db/journals/jc/ ,计算机科学理论,期刊,C
354,LOGCOM ,Journal of Logic and Computation ,Oxford University Press ,http://dblp.uni-trier.de/db/journals/logcom/ ,计算机科学理论,期刊,C
355, ,Journal of Symbolic Logic ,Association for Symbolic Logic ,http://dblp.uni-trier.de/db/journals/jsyml/ ,计算机科学理论,期刊,C
356,LMCS ,Logical Methods in Computer Science ,LMCS ,http://dblp.uni-trier.de/db/journals/lmcs/ ,计算机科学理论,期刊,C
357,SIDMA ,SIAM Journal on Discrete Mathematics ,SIAM ,http://dblp.uni-trier.de/db/journals/siamdm/ ,计算机科学理论,期刊,C
358, ,Theory of Computing Systems ,Springer ,http://dblp.uni-trier.de/db/journals/mst/ ,计算机科学理论,期刊,C
359,STOC ,ACM Symposium on Theory of Computing ,ACM ,http://dblp.uni-trier.de/db/conf/stoc/ ,计算机科学理论,会议,A
360,FOCS ,IEEE Symposium on Foundations of Computer Science ,IEEE ,http://dblp.uni-trier.de/db/conf/focs/ ,计算机科学理论,会议,A
361,LICS ,IEEE Symposium on Logic in Computer Science ,IEEE ,http://dblp.uni-trier.de/db/conf/lics/ ,计算机科学理论,会议,A
362,CAV ,Computer Aided Verification ,Springer ,http://dblp.uni-trier.de/db/conf/cav/ ,计算机科学理论,会议,A
363,SoCG ,ACM Symposium on Computational Geometry ,ACM ,http://dblp.uni-trier.de/db/conf/compgeom/ ,计算机科学理论,会议,B
364,SODA ,ACM-SIAM Symposium on Discrete Algorithms ,SIAM ,http://dblp.uni-trier.de/db/conf/soda/ ,计算机科学理论,会议,B
365,CADE/IJCAR ,Conference on Automated Deduction/The International Joint Conference on Automated Reasoning ,Springer ,http://dblp.uni-trier.de/db/conf/cade/  ,计算机科学理论,会议,B
366,CCC ,IEEE Conference on Computational Complexity ,IEEE ,http://dblp.uni-trier.de/db/conf/coco/ ,计算机科学理论,会议,B
367,ICALP ,"International Colloquium on Automata, Languages and Programming ",Springer ,http://dblp.uni-trier.de/db/conf/icalp/ ,计算机科学理论,会议,B
368,CONCUR ,International Conference on Concurrency Theory ,Springer ,http://dblp.uni-trier.de/db/conf/concur/ ,计算机科学理论,会议,B
369,HSCC ,International Conference on Hybrid Systems: Computation and Control ,Springer and ACM ,http://dblp.uni-trier.de/db/conf/hybrid/ ,计算机科学理论,会议,B
370,ESA ,European Symposium on Algorithms ,Springer ,http://dblp.uni-trier.de/db/conf/esa/ ,计算机科学理论,会议,B
371,CSL ,Computer Science Logic ,Springer ,http://dblp.uni-trier.de/db/conf/csl/ ,计算机科学理论,会议,C
372,FSTTCS ,Foundations of Software Technology and Theoretical Computer Science ,Indian Association for Research in Computing Science ,http://dblp.uni-trier.de/db/conf/fsttcs/ ,计算机科学理论,会议,C
373,IPCO ,International Conference on Integer Programming and Combinatorial Optimization ,Springer ,http://dblp.uni-trier.de/db/conf/ipco/ ,计算机科学理论,会议,C
374,RTA ,International Conference on Rewriting Techniques and Applications ,Springer ,http://dblp.uni-trier.de/db/conf/rta/ ,计算机科学理论,会议,C
375,ISAAC ,International Symposium on Algorithms and Computation ,Springer ,http://dblp.uni-trier.de/db/conf/isaac/ ,计算机科学理论,会议,C
376,MFCS ,Mathematical Foundations of Computer Science ,Springer ,http://dblp.uni-trier.de/db/conf/mfcs/ ,计算机科学理论,会议,C
377,STACS ,Symposium on Theoretical Aspects of Computer Science ,Springer ,http://dblp.uni-trier.de/db/conf/stacs/ ,计算机科学理论,会议,C
378,FMCAD ,Formal Method in Computer-Aided Design ,ACM ,http://dblp.uni-trier.de/db/conf/fmcad/ ,计算机科学理论,会议,C
379,SAT ,Theory and Applications of Satisfiability Testing ,Springer ,http://dblp.uni-trier.de/db/conf/sat/ ,计算机科学理论,会议,C
380,ICTAC ,International Colloquium on Theoretical Aspects of Computing ,Springer ,http://dblp.uni-trier.de/db/conf/ictac/ ,计算机科学理论,会议,C
381,TOG ,ACM Transactions on Graphics ,ACM ,http://dblp.uni-trier.de/db/journals/tog/ ,计算机图形学多媒体,期刊,A
382,TIP ,IEEE Transactions on Image Processing ,IEEE ,http://dblp.uni-trier.de/db/journals/tip/ ,计算机图形学多媒体,期刊,A
383,TVCG ,IEEE Transactions on Visualization and Computer Graphics ,IEEE ,http://dblp.uni-trier.de/db/journals/tvcg/ ,计算机图形学多媒体,期刊,A
384,TOMCCAP ,"ACM Transactions on Multimedia Computing, Communications and Application ",ACM ,http://dblp.uni-trier.de/db/journals/tomccap/ ,计算机图形学多媒体,期刊,B
385,CAD ,Computer-Aided Design ,Elsevier ,http://dblp.uni-trier.de/db/journals/cad/ ,计算机图形学多媒体,期刊,B
386,CAGD ,Computer Aided Geometric Design ,Elsevier ,http://dblp.uni-trier.de/db/journals/cagd/ ,计算机图形学多媒体,期刊,B
387,CGF ,Computer Graphics Forum ,Wiley ,http://dblp.uni-trier.de/db/journals/cgf/ ,计算机图形学多媒体,期刊,B
388,GM ,Graphical Models ,Elsevier ,http://dblp.uni-trier.de/db/journals/cvgip/ ,计算机图形学多媒体,期刊,B
389,TCSVT ,IEEE Transactions on Circuits and Systems for Video Technology ,IEEE ,http://dblp.uni-trier.de/db/journals/tcsv/ ,计算机图形学多媒体,期刊,B
390,TMM ,IEEE Transactions on Multimedia ,IEEE ,http://dblp.uni-trier.de/db/journals/tmm/ ,计算机图形学多媒体,期刊,B
391,JASA ,Journal of The Acoustical Society of America ,AIP ,http://scitation.aip.org/content/asa/journal/jasa ,计算机图形学多媒体,期刊,B
392,SIIMS ,SIAM Journal on Imaging Sciences ,SIAM ,http://dblp.uni-trier.de/db/journals/siamis/ ,计算机图形学多媒体,期刊,B
393,Speech Com ,Speech Communication ,Elsevier ,http://dblp.uni-trier.de/db/journals/speech/ ,计算机图形学多媒体,期刊,B
394,CAVW ,Computer Animation and Virtual Worlds ,Wiley ,http://onlinelibrary.wiley.com/journal/10.1002/(ISSN)1546427X,计算机图形学多媒体,期刊,C
395,C&G ,Computers & Graphics-UK ,Elsevier ,http://dblp.uni-trier.de/db/journals/cg/ ,计算机图形学多媒体,期刊,C
396,CGTA ,Computational Geometry: Theory and Applications ,Elsevier ,http://dblp.uni-trier.de/db/journals/comgeo/ ,计算机图形学多媒体,期刊,C
397,DCG ,Discrete & Computational Geometry ,Springer ,http://dblp.uni-trier.de/db/journals/dcg/ ,计算机图形学多媒体,期刊,C
398,IET-IPR ,IET Image Processing ,IET ,http://dblp.uni-trier.de/db/journals/iet-ipr/ ,计算机图形学多媒体,期刊,C
399, ,IEEE Signal Processing Letter ,IEEE ,http://dblp.uni-trier.de/db/journals/spl/ ,计算机图形学多媒体,期刊,C
400,JVCIR ,Journal of Visual Communication and Image Representation ,Elsevier ,http://dblp.uni-trier.de/db/journals/jvcir/ ,计算机图形学多媒体,期刊,C
401,MS ,Multimedia Systems ,Springer ,http://dblp.uni-trier.de/db/journals/mms/ ,计算机图形学多媒体,期刊,C
402,MTA ,Multimedia Tools and Applications ,Springer ,http://dblp.uni-trier.de/db/journals/mta/ ,计算机图形学多媒体,期刊,C
403, ,Signal Processing ,Elsevier ,http://dblp.uni-trier.de/db/journals/sigpro/ ,计算机图形学多媒体,期刊,C
404,SPIC ,Signal processing : image communication ,Elsevier ,http://dblp.uni-trier.de/db/journals/spic/ ,计算机图形学多媒体,期刊,C
405,TVC ,The Visual Computer ,Springer ,http://dblp.uni-trier.de/db/journals/vc/ ,计算机图形学多媒体,期刊,C
406,ACM MM ,ACM International Conference on Multimedia ,ACM ,http://dblp.uni-trier.de/db/conf/mm/ ,计算机图形学多媒体,会议,A
407,SIGGRAPH ,ACM SIGGRAPH Annual Conference ,ACM  ,http://dblp.uni-trier.de/db/conf/siggraph/index.html ,计算机图形学多媒体,会议,A
408,IEEE VIS ,IEEE Visualization Conference ,IEEE ,http://dblp.uni-trier.de/db/conf/visualization/index.html ,计算机图形学多媒体,会议,A
409,VR ,IEEE Virtual Reality ,IEEE ,http://dblp.uni-trier.de/db/conf/vr/ ,计算机图形学多媒体,会议,A
410,ICMR ,ACM SIGMM International Conference on Multimedia Retrieval ,ACM ,http://dblp.uni-trier.de/db/conf/mir/ ,计算机图形学多媒体,会议,B
411,i3D,ACM Symposium on Interactive 3D Graphics,ACM ,http://dblp.uni-trier.de/db/conf/si3d/,计算机图形学多媒体,会议,B
412,SCA ,ACM/Eurographics Symposium on Computer Animation ,ACM ,http://dblp.uni-trier.de/db/conf/sca/index.html ,计算机图形学多媒体,会议,B
413,DCC ,Data Compression Conference ,IEEE ,http://dblp.uni-trier.de/db/conf/dcc/ ,计算机图形学多媒体,会议,B
414,EG ,Eurographics ,Wiley/ Blackwell ,http://dblp.uni-trier.de/db/conf/eurographics/ ,计算机图形学多媒体,会议,B
415,EuroVis ,Eurographics Conference on Visualization ,ACM ,http://dblp.uni-trier.de/db/conf/vissym/ ,计算机图形学多媒体,会议,B
416,SGP ,Eurographics Symposium on Geometry Processing , Wiley/Blackwell ,http://dblp.uni-trier.de/db/conf/sgp/ ,计算机图形学多媒体,会议,B
417,EGSR ,Eurographics Symposium on Rendering ,Wiley/Blackwell ,http://dblp.uni-trier.de/db/conf/rt/ ,计算机图形学多媒体,会议,B
418,ICME ,IEEE International Conference on Multimedia & Expo ,IEEE ,http://dblp.uni-trier.de/db/conf/icmcs/ ,计算机图形学多媒体,会议,B
419,PG ,Pacific Graphics: The Pacific Conference on Computer Graphics and Applications ,Wiley/Blackwell ,http://dblp.uni-trier.de/db/conf/pg/index.html ,计算机图形学多媒体,会议,B
420,SPM ,Symposium on Solid and Physical Modeling ,SMA/Elsevier ,http://dblp.uni-trier.de/db/conf/sma/ ,计算机图形学多媒体,会议,B
421,ICASSP ,"IEEE International Conference on Acoustics, Speech and SP ",IEEE ,http://dblp.uni-trier.de/db/conf/icassp/ ,计算机图形学多媒体,会议,B
422,CASA ,Computer Animation and Social Agents ,Wiley ,http://dblp.uni-trier.de/db/conf/ca/ ,计算机图形学多媒体,会议,C
423,CGI ,Computer Graphics International ,Springer ,http://dblp.uni-trier.de/db/conf/cgi/ ,计算机图形学多媒体,会议,C
424,ISMAR ,International Symposium on Mixed and Augmented Reality ,IEEE/ACM ,http://dblp.uni-trier.de/db/conf/ismar/ ,计算机图形学多媒体,会议,C
425,PacificVis ,IEEE Pacific Visualization Symposium ,IEEE ,http://dblp.uni-trier.de/db/conf/apvis/ ,计算机图形学多媒体,会议,C
426,ICIP ,International Conference on Image Processing ,IEEE ,http://dblp.uni-trier.de/db/conf/icip/ ,计算机图形学多媒体,会议,C
427,MMM ,International Conference on Multimedia Modeling ,Springer ,http://dblp.uni-trier.de/db/conf/mmm/index.html ,计算机图形学多媒体,会议,C
428,GMP ,Geometric Modeling and Processing ,Elsevier ,http://dblp.uni-trier.de/db/conf/gmp/ ,计算机图形学多媒体,会议,C
429,PCM ,Pacific-Rim Conference on Multimedia ,Springer ,http://dblp.uni-trier.de/db/conf/pcm/  ,计算机图形学多媒体,会议,C
430,SMI ,Shape Modeling International ,IEEE ,http://dblp.uni-trier.de/db/conf/smi/ ,计算机图形学多媒体,会议,C
431,INTERSPEECH ,Conference of the International Speech Communication Association , ,http://dblp.uni-trier.de/db/conf/interspeech/index.html ,计算机图形学多媒体,会议,C
432, ,ACM Symposium on Virtual Reality Software and Technology ,ACM ,http://dblp2.uni-trier.de/db/conf/vrst/,计算机图形学多媒体,会议,C
433,,Artificial Intelligence ,Elsevier ,http://dblp.uni-trier.de/db/journals/ai/ ,人工智能,期刊,A
434,TPAMI ,IEEE Trans on Pattern Analysis and Machine Intelligence ,IEEE ,http://dblp.uni-trier.de/db/journals/pami/ ,人工智能,期刊,A
435,IJCV ,International Journal of Computer Vision ,Springer ,http://dblp.uni-trier.de/db/journals/ijcv/ ,人工智能,期刊,A
436,JMLR ,Journal of Machine Learning Research ,MIT Press ,http://dblp.uni-trier.de/db/journals/jmlr/ ,人工智能,期刊,A
437,TAP ,ACM Transactions on Applied Perception ,ACM ,http://dblp.uni-trier.de/db/journals/tap/ ,人工智能,期刊,B
438,TSLP ,ACM Transactions on Speech and Language Processing ,ACM ,http://dblp.uni-trier.de/db/journals/tslp/ ,人工智能,期刊,B
439, ,Computational Linguistics ,MIT Press ,http://dblp.uni-trier.de/db/journals/coling/ ,人工智能,期刊,B
440,CVIU ,Computer Vision and Image Understanding ,Elsevier ,http://dblp.uni-trier.de/db/journals/cviu/ ,人工智能,期刊,B
441,DKE ,Data and Knowledge Engineering ,Elsevier ,http://dblp.uni-trier.de/db/journals/dke/index.html ,人工智能,期刊,B
442, ,Evolutionary Computation ,MIT Press ,http://dblp.uni-trier.de/db/journals/ec/ ,人工智能,期刊,B
443,TAC ,IEEE Transactions on Affective Computing ,IEEE ,http://dblp.uni-trier.de/db/journals/taffco/ ,人工智能,期刊,B
444,TASLP ,"IEEE Transactions on Audio, Speech, and Language Processing ",IEEE ,http://dblp.uni-trier.de/db/journals/taslp/ ,人工智能,期刊,B
445, ,IEEE Transactions on Cybernetics ,IEEE ,http://dblp.uni-trier.de/db/journals/tcyb/ ,人工智能,期刊,B
446,TEC ,IEEE Transactions on Evolutionary Computation ,IEEE ,http://dblp.uni-trier.de/db/journals/tec/ ,人工智能,期刊,B
447,TFS ,IEEE Transactions on Fuzzy Systems ,IEEE ,http://dblp.uni-trier.de/db/journals/tfs/ ,人工智能,期刊,B
448,TNNLS ,IEEE Transactions on Neural Networks and learning systems ,IEEE ,http://dblp.uni-trier.de/db/journals/tnn/ ,人工智能,期刊,B
449,IJAR ,International Journal of Approximate Reasoning ,Elsevier ,http://dblp.uni-trier.de/db/journals/ijar/ ,人工智能,期刊,B
450,JAIR ,Journal of AI Research ,AAAI ,http://dblp.uni-trier.de/db/journals/jair/index.html ,人工智能,期刊,B
451, ,Journal of Automated Reasoning ,Springer ,http://dblp.uni-trier.de/db/journals/jar/ ,人工智能,期刊,B
452,JSLHR ,"Journal of Speech, Language, and Hearing Research ",American Speech-Language Hearing Association  ,http://jslhr.pubs.asha.org/ ,人工智能,期刊,B
453, ,Machine Learning ,Springer ,http://dblp.uni-trier.de/db/journals/ml/ ,人工智能,期刊,B
454, ,Neural Computation ,MIT Press ,http://dblp.uni-trier.de/db/journals/neco/ ,人工智能,期刊,B
455, ,Neural Networks ,Elsevier ,http://dblp.uni-trier.de/db/journals/nn/ ,人工智能,期刊,B
456, ,Pattern Recognition ,Elsevier ,http://dblp.uni-trier.de/db/conf/par/ ,人工智能,期刊,B
457,AAMAS ,Autonomous Agents and Multi-Agent Systems ,Springer ,http://dblp.uni-trier.de/db/journals/aamas/ ,人工智能,期刊,B
458,TALIP ,ACM Transactions on Asian Language Information Processing ,ACM ,http://dblp.uni-trier.de/db/journals/talip/ ,人工智能,期刊,C
459, ,Applied Intelligence ,Springer ,http://dblp.uni-trier.de/db/journals/apin/ ,人工智能,期刊,C
460,AIM ,Artificial Intelligence in Medicine ,Elsevier ,http://dblp.uni-trier.de/db/journals/artmed/ ,人工智能,期刊,C
461, ,Artificial Life ,MIT Press ,http://dblp.uni-trier.de/db/journals/alife/ ,人工智能,期刊,C
462, ,Computational Intelligence ,Wiley ,http://dblp.uni-trier.de/db/journals/ci/ ,人工智能,期刊,C
463, ,Computer Speech and Language ,Elsevier ,http://dblp.uni-trier.de/db/journals/csl/ ,人工智能,期刊,C
464, ,Connection Science ,Taylor & Francis ,http://dblp.uni-trier.de/db/journals/connection/ ,人工智能,期刊,C
465,DSS ,Decision Support Systems ,Elsevier ,http://dblp.uni-trier.de/db/journals/dss/ ,人工智能,期刊,C
466,EAAI ,Engineering Applications of Artificial Intelligence ,Elsevier ,http://dblp.uni-trier.de/db/journals/eaai/ ,人工智能,期刊,C
467, ,Expert Systems ,Blackwell/Wiley ,http://dblp.uni-trier.de/db/journals/es/ ,人工智能,期刊,C
468,ESWA ,Expert Systems with Applications ,Elsevier ,http://dblp.uni-trier.de/db/journals/eswa/ ,人工智能,期刊,C
469, ,Fuzzy Sets and Systems ,Elsevier , http://dblp.uni-trier.de/db/journals/fss/  ,人工智能,期刊,C
470,T-CIAIG ,IEEE Transactions on Computational Intelligence and AI in Games ,IEEE ,http://dblp.uni-trier.de/db/journals/tciaig/ ,人工智能,期刊,C
471,IET-CVI ,IET Computer Vision ,IET ,http://digital-library.theiet.org/content/journals/iet-cvi ,人工智能,期刊,C
472, ,IET Signal Processing ,IET ,* http://digital-library.theiet.org/content/journals/iet-spr ,人工智能,期刊,C
473,IVC ,Image and Vision Computing ,Elsevier ,http://dblp.uni-trier.de/db/journals/ivc/ ,人工智能,期刊,C
474,IDA ,Intelligent Data Analysis ,Elsevier ,http://dblp.uni-trier.de/db/journals/ida/ ,人工智能,期刊,C
475,IJCIA ,International Journal of Computational Intelligence and Applications ,World Scientific ,http://dblp.uni-trier.de/db/journals/ijcia/ ,人工智能,期刊,C
476,IJDAR ,International Journal on Document Analysis and Recognition ,Springer ,http://dblp.uni-trier.de/db/journals/ijdar/ ,人工智能,期刊,C
477,IJIS ,International Journal of Intelligent Systems ,Wiley  ,http://dblp.uni-trier.de/db/journals/ijis/ ,人工智能,期刊,C
478,IJNS ,International Journal of Neural Systems ,World Scientific ,http://dblp.uni-trier.de/db/journals/ijns/ ,人工智能,期刊,C
479,IJPRAI ,International Journal of Pattern Recognition and Artificial Intelligence ,World Scientific ,http://dblp.uni-trier.de/db/journals/ijprai/ ,人工智能,期刊,C
480, ,"International Journal of Uncertainty, Fuzziness and KBS ",World Scientific ,http://dblp.uni-trier.de/db/journals/ijcia/ ,人工智能,期刊,C
481,JETAI ,Journal of Experimental and Theoretical Artificial Intelligence ,Taylor & Francis ,http://dblp.uni-trier.de/db/journals/jetai/ ,人工智能,期刊,C
482,KBS ,Knowledge-Based Systems ,Elsevier ,http://dblp.uni-trier.de/db/journals/kbs/ ,人工智能,期刊,C
483, ,Machine Translation ,Springer ,http://dblp.uni-trier.de/db/journals/mt/ ,人工智能,期刊,C
484, ,Machine Vision and Applications ,Springer ,http://dblp.uni-trier.de/db/journals/mva/ ,人工智能,期刊,C
485, ,Natural Computing ,Springer ,http://dblp.uni-trier.de/db/journals/nc/ ,人工智能,期刊,C
486,NLE ,Natural Language Engineering ,Cambridge University ,http://dblp.uni-trier.de/db/journals/nle/ ,人工智能,期刊,C
487,NCA ,Neural Computing & Applications ,Springer ,http://dblp.uni-trier.de/db/journals/nca/ ,人工智能,期刊,C
488,NPL ,Neural Processing Letters ,Springer ,http://dblp.uni-trier.de/db/journals/npl/ ,人工智能,期刊,C
489, ,Neurocomputing ,Elsevier ,http://dblp.uni-trier.de/db/journals/ijon/ ,人工智能,期刊,C
490,PAA ,Pattern Analysis and Applications ,Springer ,http://dblp.uni-trier.de/db/journals/paa/ ,人工智能,期刊,C
491,PRL ,Pattern Recognition Letters ,Elsevier ,http://dblp.uni-trier.de/db/journals/prl/ ,人工智能,期刊,C
492, ,Soft Computing ,Springer ,http://dblp.uni-trier.de/db/journals/soco/ ,人工智能,期刊,C
493,WIAS ,Web Intelligence and Agent Systems ,IOS Press ,http://dblp.uni-trier.de/db/journals/wias/ ,人工智能,期刊,C
494,AAAI ,AAAI Conference on Artificial Intelligence ,AAAI ,http://dblp.uni-trier.de/db/conf/aaai/ ,人工智能,会议,A
495,CVPR ,IEEE Conference on Computer Vision and Pattern Recognition ,IEEE ,http://dblp.uni-trier.de/db/conf/cvpr/ ,人工智能,会议,A
496,ICCV ,International Conference on Computer Vision ,IEEE ,http://dblp.uni-trier.de/db/conf/iccv/ ,人工智能,会议,A
497,ICML ,International Conference on Machine Learning ,ACM ,http://dblp.uni-trier.de/db/conf/icml/ ,人工智能,会议,A
498,IJCAI ,International Joint Conference on Artificial Intelligence ,Morgan Kaufmann ,http://dblp.uni-trier.de/db/conf/ijcai/ ,人工智能,会议,A
499,NIPS ,Annual Conference on Neural Information Processing Systems ,MIT Press ,http://dblp.uni-trier.de/db/conf/nips/ ,人工智能,会议,A
500,ACL ,"Annual Meeting of the Association for Computational 
Linguistics 
",ACL ,http://dblp.uni-trier.de/db/conf/acl/ ,人工智能,会议,A
501,COLT ,Annual Conference on Computational Learning Theory ,Springer ,http://dblp.uni-trier.de/db/conf/colt/ ,人工智能,会议,B
502,EMNLP ,Conference on Empirical Methods in Natural Language Processing ,ACL ,http://dblp.uni-trier.de/db/conf/emnlp/ ,人工智能,会议,B
503,ECAI ,European Conference on Artificial Intelligence ,IOS Press ,http://dblp.uni-trier.de/db/conf/ecai/ ,人工智能,会议,B
504,ECCV ,European Conference on Computer Vision ,Springer ,http://dblp.uni-trier.de/db/conf/eccv/ ,人工智能,会议,B
505,ICRA ,IEEE International Conference on Robotics and Automation ,IEEE ,http://dblp.uni-trier.de/db/conf/icra/ ,人工智能,会议,B
506,ICAPS ,International Conference on Automated Planning and Scheduling ,AAAI ,http://dblp.uni-trier.de/db/conf/aips/ ,人工智能,会议,B
507,ICCBR ,International Conference on Case-Based Reasoning ,Springer ,http://dblp.uni-trier.de/db/conf/iccbr/ ,人工智能,会议,B
508,COLING ,International Conference on Computational Linguistics ,ACM ,http://dblp.uni-trier.de/db/conf/coling/ ,人工智能,会议,B
509,KR ,International Conference on Principles of Knowledge Representation and Reasoning ,Morgan Kaufmann ,http://dblp.uni-trier.de/db/conf/kr/ ,人工智能,会议,B
510,UAI ,International Conference on Uncertainty in Artificial Intelligence ,AUAI ,http://dblp.uni-trier.de/db/conf/uai/ ,人工智能,会议,B
511,AAMAS ,International Joint Conference on Autonomous Agents and Multi-agent Systems ,Springer ,http://dblp.uni-trier.de/db/conf/atal/index.html ,人工智能,会议,B
512,PPSN ,Parallel Problem Solving from Nature ,Springer ,http://dblp.uni-trier.de/db/conf/ppsn/ ,人工智能,会议,B
513,ACCV ,Asian Conference on Computer Vision ,Springer ,http://dblp.uni-trier.de/db/conf/accv/ ,人工智能,会议,C
514,CoNLL ,Conference on Natural Language Learning ,CoNLL ,http://dblp.uni-trier.de/db/conf/conll ,人工智能,会议,C
515,GECCO ,Genetic and Evolutionary Computation Conference ,ACM ,http://dblp.uni-trier.de/db/conf/gecco/ ,人工智能,会议,C
516,ICTAI ,IEEE International Conference on Tools with Artificial Intelligence ,IEEE ,http://dblp.uni-trier.de/db/conf/ictai/ ,人工智能,会议,C
517,ALT ,International Conference on Algorithmic Learning Theory ,Springer ,http://dblp.uni-trier.de/db/conf/alt/ ,人工智能,会议,C
518,ICANN ,International Conference on Artificial Neural Networks ,Springer ,http://dblp.uni-trier.de/db/conf/icann/ ,人工智能,会议,C
519,FGR ,International Conference on Automatic Face and Gesture Recognition ,IEEE ,http://dblp.uni-trier.de/db/conf/fgr/ ,人工智能,会议,C
520,ICDAR ,International Conference on Document Analysis and Recognition ,IEEE ,http://dblp.uni-trier.de/db/conf/icdar/ ,人工智能,会议,C
521,ILP ,International Conference on Inductive Logic Programming ,Springer ,http://dblp.uni-trier.de/db/conf/ilp/ ,人工智能,会议,C
522,KSEM ,"International conference on Knowledge Science,Engineering and Management ",Springer ,http://dblp.uni-trier.de/db/conf/ksem/ ,人工智能,会议,C
523,ICONIP ,International Conference on Neural Information Processing ,Springer ,http://dblp.uni-trier.de/db/conf/iconip/ ,人工智能,会议,C
524,ICPR ,International Conference on Pattern Recognition ,IEEE ,http://dblp.uni-trier.de/db/conf/icpr/ ,人工智能,会议,C
525,ICB ,International Joint Conference on Biometrics ,IEEE ,http://dblp.uni-trier.de/db/conf/icb/ ,人工智能,会议,C
526,IJCNN ,International Joint Conference on Neural Networks ,IEEE ,http://dblp.uni-trier.de/db/conf/ijcnn/ ,人工智能,会议,C
527,PRICAI ,Pacific Rim International Conference on Artificial Intelligence ,Springer ,http://dblp.uni-trier.de/db/conf/pricai/ ,人工智能,会议,C
528,NAACL ,The Annual Conference of the North American Chapter of the Association for Computational Linguistics ,NAACL ,http://dblp.uni-trier.de/db/conf/naacl/ ,人工智能,会议,C
529,BMVC ,British Machine Vision Conference , British Machine Vision Association ,http://dblp.uni-trier.de/db/conf/bmvc/ ,人工智能,会议,C
530,IROS ,IEEE\RSJ International Conference on Intelligent Robots and Systems ,IEEE ,http://dblp.uni-trier.de/db/conf/iros/ ,人工智能,会议,C
531,AISTATS ,Artificial Intelligence and Statistics ,JMLR ,http://dblp.uni-trier.de/db/conf/aistats/ ,人工智能,会议,C
532,ACML ,Asian Conf. on Machine Learning ,JMLR ,http://dblp.uni-trier.de/db/conf/acml/ ,人工智能,会议,C
533,TOCHI,ACM Transactions on Computer-Human Interaction,ACM,http://dblp.uni-trier.de/db/journals/tochi/,人机交互与普适计算,期刊,A
534,IJHCS,International Journal of Human Computer Studies,Elsevier,http://dblp.uni-trier.de/db/journals/ijmms/,人机交互与普适计算,期刊,A
535,CSCW,Computer Supported Cooperative Work,Springer,http://dblp.uni-trier.de/db/journals/cscw/,人机交互与普适计算,期刊,B
536,HCI,Human Computer Interaction,Taylor&Francis,http://dblp.uni-trier.de/db/journals/hhci/,人机交互与普适计算,期刊,B
537,IWC,Interacting with Computers,Oxford University Press,http://dblp.uni-trier.de/db/journals/iwc/,人机交互与普适计算,期刊,B
538,UMUAI,User Modeling and User-Adapted Interaction,Springer,http://dblp.uni-trier.de/db/journals/umuai/,人机交互与普适计算,期刊,B
539,IJHCI,International Journal of Human-Computer Interaction,Taylor &Francis,http://dblp.uni-trier.de/db/journals/ijhci/,人机交互与普适计算,期刊,B
540,,IEEE Transactions on Human-Machine Systems,IEEE,http://dblp.uni-trier.de/db/journals/thms/,人机交互与普适计算,期刊,B
541,BIT,Behaviour & Information Technology,Taylor & Francis,http://dblp.uni-trier.de/db/journals/behaviourIT/,人机交互与普适计算,期刊,C
542,PMC,Pervasive and Mobile Computing,Elsevier,http://dblp.uni-trier.de/db/journals/percom/,人机交互与普适计算,期刊,C
543,PUC,Personal and Ubiquitous Computing,Springer,http://dblp.uni-trier.de/db/journals/puc/,人机交互与普适计算,期刊,C
544,CHI,ACM Conference on Human Factors in Computing Systems,ACM,http://dblp.uni-trier.de/db/conf/chi,人机交互与普适计算,会议,A
545,UbiComp,ACM International Conference on Ubiquitous Computing,ACM,http://dblp.uni-trier.de/db/conf/huc/,人机交互与普适计算,会议,A
546,CSCW,ACM Conference on Computer Supported Cooperative Work and Social Computing,ACM,http://dblp.uni-trier.de/db/conf/cscw,人机交互与普适计算,会议,A
547,IUI,ACM International Conference on Intelligent User Interfaces,ACM,http://dblp.uni-trier.de/db/conf/iui/,人机交互与普适计算,会议,B
548,ITS,ACM International Conference on Interactive Tabletops and Surfaces,ACM,http://dblp.uni-trier.de/db/conf/tabletop/,人机交互与普适计算,会议,B
549,UIST,ACM Symposium on User Interface Software and Technology,ACM,http://dblp.uni-trier.de/db/conf/uist/,人机交互与普适计算,会议,B
550,ECSCW,European Computer Supported Cooperative Work,Springer,http://dblp.uni-trier.de/db/conf/ecscw/,人机交互与普适计算,会议,B
551,MobileHCI,International Conference on Human Computer Interaction with Mobile Devices and Services,ACM,http://dblp.uni-trier.de/db/conf/mhci/,人机交互与普适计算,会议,B
552,PERCOM,IEEE International Conference on Pervasive Computing and Communications,IEEE,http://dblp.uni-trier.de/db/conf/percom/,人机交互与普适计算,会议,B
553,GROUP,ACM Conference on Supporting Group Work,ACM,http://dblp.uni-trier.de/db/conf/group/,人机交互与普适计算,会议,B
554,ASSETS,ACM SIGACCESS Conference on Computers and Accessibility,ACM,http://dblp.uni-trier.de/db/conf/assets,人机交互与普适计算,会议,C
555,DIS,ACM Conference on Designing Interactive Systems,ACM,http://dblp.uni-trier.de/db/conf/ACMdis/,人机交互与普适计算,会议,C
556,GI,Graphics Interface conference,ACM,http://dblp.uni-trier.de/db/conf/graphicsinterface/,人机交互与普适计算,会议,C
557,MobiQuitous,"International Conference on Mobile and Ubiquitous Systems: Computing,Networking and Services",Springer,http://dblp.uni-trier.de/db/conf/mobiquitous/,人机交互与普适计算,会议,C
558,INTERACT,IFIP TC13 Conference on Human-Computer Interaction,IFIP,http://dblp.uni-trier.de/db/conf/interact/,人机交互与普适计算,会议,C
559,CoopIS,International Conference on Cooperative Information Systems,Springer,http://dblp.uni-trier.de/db/conf/coopis/,人机交互与普适计算,会议,C
560,ICMI ,ACM International Conference on Multimodal Interaction,ACM,http://dblp.uni-trier.de/db/conf/icmi/,人机交互与普适计算,会议,C
561,IDC,Interaction Design and Children,ACM,http://dblp.uni-trier.de/db/conf/acmidc/,人机交互与普适计算,会议,C
562,AVI,International Working Conference on Advanced Visual Interfaces,ACM,http://dblp.uni-trier.de/db/conf/avi/,人机交互与普适计算,会议,C
563,UIC,IEEE International Conference on Ubiquitous Intelligence and Computing,IEEE,http://dblp.uni-trier.de/db/conf/uic/,人机交互与普适计算,会议,C
564,DIS,ACM Conference on Designing Interactive  Systems,ACM,http://dblp.uni-trier.de/db/conf/ACMdis,人机交互与普适计算,会议,C
565,,IEEE World Haptics Conference,IEEE,http://dblp.uni-trier.de/db/conf/haptics/,人机交互与普适计算,会议,C
566,CSCWD,International Conference on Computer Supported Cooperative Work in Design,Springer,http://dblp.uni-trier.de/db/conf/cscwd/,人机交互与普适计算,会议,C
567,Collaborate Com,International Conference on Collaborative Computing,Springer,http://collaboratecom.org,人机交互与普适计算,会议,C
568,Proc. IEEE,Proceedings of the IEEE,IEEE,http://dblp.uni-trier.de/db/journals/pieee/,交叉/新兴/综合,期刊,A
569,JACM,Journal of the ACM,ACM,http://dblp.uni-trier.de/db/journals/jacm/,交叉/新兴/综合,期刊,A
570,,Bioinformatics,Oxford University Press,http://dblp.uni-trier.de/db/journals/bioinformatics/,交叉/新兴/综合,期刊,B
571,,Briefings in Bioinformatics,Oxford University Press,http://dblp.uni-trier.de/db/journals/bib/,交叉/新兴/综合,期刊,B
572,Cognition,Cognition：International Journal of Cognitive Science,Elsevier,http://www.journals.elsevier.com/cognition/,交叉/新兴/综合,期刊,B
573,,PLOS Computational Biology,Public Library of Science,http://dblp.uni-trier.de/db/journals/ploscb/,交叉/新兴/综合,期刊,B
574,TMI,IEEE Transactions on Medical Imaging,IEEE,http://dblp.uni-trier.de/db/journals/tmi/,交叉/新兴/综合,期刊,B
575,TGARS,IEEE Transactions on Geoscience and Remote Sensing,IEEE,http://dblp.uni-trier.de/db/journals/tgrs/,交叉/新兴/综合,期刊,B
576,TITS,IEEE Transactions on Intelligent Transportation Systems,IEEE,http://dblp.uni-trier.de/db/journals/tits/,交叉/新兴/综合,期刊,B
577,TR,IEEE Transactions on Robotics,IEEE,http://dblp.uni-trier.de/db/journals/trob/,交叉/新兴/综合,期刊,B
578,TASAE,IEEE Transactions on Automation Science and Engineering,IEEE,http://dblp.uni-trier.de/db/journals/tase/,交叉/新兴/综合,期刊,B
579,JCST,Journal of Computer Science and Technology,SCIENCE PRESS/Springer,http://dblp.uni-trier.de/db/journals/jcst/,交叉/新兴/综合,期刊,B
580,JAMIA,Journal of the American Medical Informatics Association,BMJ Journals,http://dblp.uni-trier.de/db/journals/jamia/,交叉/新兴/综合,期刊,B
581,,Science China Information Sciences,Science in China Press/Springer,http://dblp.uni-trier.de/db/journals/chinaf/,交叉/新兴/综合,期刊,B
582,,The Computer Journal,Oxford University Press,http://dblp.uni-trier.de/db/journals/cj/,交叉/新兴/综合,期刊,B
583,,World Wide Web Journal,Springer,http://dblp.uni-trier.de/db/journals/wwwj/,交叉/新兴/综合,期刊,B
584,,BMC Bioinformatics,BioMed Central,http://dblp.uni-trier.de/db/journals/bmcbi/,交叉/新兴/综合,期刊,C
585,,Cybernetics and Systems,Taylor & Francis,http://dblp.uni-trier.de/db/journals/cas/,交叉/新兴/综合,期刊,C
586,,IEEE Geoscience and Remote Sensing Letters,IEEE,http://dblp.uni-trier.de/db/journals/lgrs/,交叉/新兴/综合,期刊,C
587,TITB,IEEE Transactions on Information Technology in Biomedicine,IEEE,http://dblp.uni-trier.de/db/journals/titb/,交叉/新兴/综合,期刊,C
588,TCBB,IEEE-ACM Transactions on Computational Biology and Bioinformatics,IEEE/ACM,http://dblp.uni-trier.de/db/journals/tcbb/,交叉/新兴/综合,期刊,C
589,,IET Intelligent Transport Systems,IET,http://digital-library.theiet.org/content/journals/iet-its,交叉/新兴/综合,期刊,C
590,,Medical Image Analysis,Elsevier,http://dblp.uni-trier.de/db/journals/mia/,交叉/新兴/综合,期刊,C
591,FCS,Frontiers of Computer Science,Higher Education Press,http://dblp.uni-trier.de/db/journals/fcsc/,交叉/新兴/综合,期刊,C
592,RTSS,Real-Time Systems Symposium,IEEE,http://dblp.uni-trier.de/db/conf/rtss/,交叉/新兴/综合,会议,A
593,WWW,International World Wide Web Conferences,ACM,http://dblp.uni-trier.de/db/conf/www/,交叉/新兴/综合,会议,A
594,EMSOFT,International Conference on Embedded Software,ACM/IEEE/IFIP,http://dblp.uni-trier.de/db/conf/emsoft/,交叉/新兴/综合,会议,B
595,ISMB,International conference on Intelligent Systems for Molecular Biology,Oxford Journals,http://www.iscb.org/about-ismb,交叉/新兴/综合,会议,B
596,CogSci,Cognitive Science Society Annual Conference,Psychology Press,http://cognitivesciencesociety.org/conference2013/index.ht ml,交叉/新兴/综合,会议,B
597,RECOMB,International Conference on Research in Computational Molecular Biology,Springer,http://dblp.uni-trier.de/db/conf/recomb/,交叉/新兴/综合,会议,B
598,BIBM,IEEE International Conference on Bioinformatics and Biomedicine,IEEE,http://dblp.uni-trier.de/db/conf/bibm/,交叉/新兴/综合,会议,B
599,AMIA,American Medical Informatics Association Annual Symposium,AMIA,http://dblp.uni-trier.de/db/conf/amia/,交叉/新兴/综合,会议,C
600,APBC,Asia Pacific Bioinformatics Conference,BioMed Central,http://dblp.uni-trier.de/db/conf/apbc/,交叉/新兴/综合,会议,C
601,COSIT,International Conference on Spatial Information Theory,ACM,http://dblp.uni-trier.de/db/conf/cosit/,交叉/新兴/综合,会议,C
602,,IEEE International Conference on Cloud Computing,IEEE,http://dblp.uni-trier.de/db/conf/IEEEcloud/,交叉/新兴/综合,会议,C
0,WVoT,Web Velocity and the Web of Things,,,,会议,N
0,CBMS,International Symposium on Computer-Based Medical Systems,,,,会议,N
0,WISTP,International Conference on Information Security Theory and Practice,,,,会议,N
0,IEEE HMData,Human-in-the-loop Methods and Human-Machine Collaboration in Big Data,,,,会议,N
0,ICAIIC,International Conference on Artificial Intelligence in Information and Communication,,,,会议,N
0,FLAIRS,AI for Internet of Things and Fab Labs/Maker Spaces,,,,会议,N
0,IIKE,International Workshop on Intelligence & Interaction in Knowledge Engineering,,,,会议,N
0,MUE,Multimedia and Ubiquitous Engineering,,,,会议,N
0,IEEE BigData,IEEE BigData,,,,会议,N
0,BPOD,IEEE International Workshop on Benchmarking, Performance Tuning and Optimization for Big Data Applications,,,,会议,N
0,MIPR,The IEEE International Conference on Multimedia Information Processing and Retrieval,,,,会议,N
